STATE,YEAR,ENROLL,TOTAL_REVENUE,TOTAL_EXPENDITURE
Alabama,1992,,2678885,2653798
Alaska,1992,,1049591,972488
Arizona,1992,,3258079,3401580
Arkansas,1992,,1711959,1743022
California,1992,,26260025,27138832
Colorado,1992,,3185173,3264826
Connecticut,1992,,3834302,3721338
Delaware,1992,,645233,638784
District of Columbia,1992,,709480,742893
Florida,1992,,11506299,11305642
Georgia,1992,,5536901,5535942
Hawaii,1992,,996809,1040121
Idaho,1992,,859329,886161
Illinois,1992,,9748650,9850560
Indiana,1992,,5060274,5182754
Iowa,1992,,2663934,2795774
Kansas,1992,,2245348,2234915
Kentucky,1992,,2642902,2518082
Louisiana,1992,,3341253,3362853
Maine,1992,,1206819,1228869
Maryland,1992,,4658498,4698374
Massachusetts,1992,,5517659,5245560
Michigan,1992,,9963137,10170688
Minnesota,1992,,4684684,4981125
Mississippi,1992,,1684706,1691990
Missouri,1992,,4043682,4197600
Montana,1992,,828983,781009
Nebraska,1992,,1542413,1534046
Nevada,1992,,1097076,1251651
New Hampshire,1992,,1063391,1066647
New Jersey,1992,,10814689,10452340
New Mexico,1992,,1330091,1339829
New York,1992,,21630179,22815611
North Carolina,1992,,5236099,5418687
North Dakota,1992,,559481,553732
Ohio,1992,,9285961,9483822
Oklahoma,1992,,2396705,2515272
Oregon,1992,,2773959,2898210
Pennsylvania,1992,,11257252,11539253
Rhode Island,1992,,883073,863404
South Carolina,1992,,2842626,2922293
South Dakota,1992,,551668,593126
Tennessee,1992,,3080490,3132516
Texas,1992,,16264180,16119084
Utah,1992,,1555799,1547980
Vermont,1992,,812377,800377
Virginia,1992,,5631293,5744469
Washington,1992,,4870832,5360834
West Virginia,1992,,1585099,1587968
Wisconsin,1992,,4993909,5181471
Wyoming,1992,,629748,624941
Alabama,1993,727716,2827391,2833433
Alaska,1993,121156,1191398,1126398
Arizona,1993,676297,3427976,3623946
Arkansas,1993,311432,1346909,1376067
California,1993,5129788,28043338,28110986
Colorado,1993,539538,3058326,3028305
Connecticut,1993,471918,4064158,4079943
Delaware,1993,104355,683954,694534
District of Columbia,1993,80937,721151,719440
Florida,1993,1980569,11370156,11425183
Georgia,1993,893557,4716559,4647974
Hawaii,1993,177448,1062475,1063090
Idaho,1993,231632,890835,899819
Illinois,1993,1856841,10584624,10744695
Indiana,1993,958052,5833420,5668599
Iowa,1993,493957,2880731,2889377
Kansas,1993,451469,2386945,2522542
Kentucky,1993,489281,2381148,2283431
Louisiana,1993,795719,3438321,3427102
Maine,1993,211511,1368095,1321846
Maryland,1993,751850,4918010,4898895
Massachusetts,1993,862495,6121612,5679261
Michigan,1993,1600650,11034174,11430958
Minnesota,1993,781566,4862635,5290504
Mississippi,1993,329408,1170109,1167032
Missouri,1993,834636,4196601,4234845
Montana,1993,158875,813998,833435
Nebraska,1993,281354,1625242,1642376
Nevada,1993,222846,1148268,1265367
New Hampshire,1993,177722,1109743,1091814
New Jersey,1993,653488,6747567,6641624
New Mexico,1993,281407,1217194,1223185
New York,1993,2663637,22688753,23934282
North Carolina,1993,1112636,5583166,5475174
North Dakota,1993,118793,580148,588983
Ohio,1993,1834239,10841606,10385253
Oklahoma,1993,312817,1436505,1428916
Oregon,1993,509814,3141217,3149126
Pennsylvania,1993,1719829,12269422,12809067
Rhode Island,1993,138939,919594,901540
South Carolina,1993,631613,3031112,2994038
South Dakota,1993,107050,465650,481665
Tennessee,1993,844668,3268642,3286481
Texas,1993,3535333,20267205,18574871
Utah,1993,462323,1638305,1665011
Vermont,1993,97454,837540,809853
Virginia,1993,1032842,5918536,5955333
Washington,1993,896197,5270961,5791436
West Virginia,1993,317719,1832154,1829848
Wisconsin,1993,829085,5357945,5640718
Wyoming,1993,100313,615130,614807
Alabama,1994,730004,2970223,3103266
Alaska,1994,123868,1052282,1116160
Arizona,1994,708482,3566586,3803379
Arkansas,1994,312695,1393287,1445984
California,1994,4120498,23440845,23012688
Colorado,1994,549570,3061865,3113755
Connecticut,1994,479522,4268860,4132350
Delaware,1994,103782,705798,732323
District of Columbia,1994,80678,735720,769818
Florida,1994,2039884,12315950,12469073
Georgia,1994,1235304,6824191,6597359
Hawaii,1994,181212,1133949,1146267
Idaho,1994,236774,949999,974781
Illinois,1994,1875956,11309803,10743708
Indiana,1994,963071,6121754,6061435
Iowa,1994,497925,2987394,2974072
Kansas,1994,457744,2700587,2643192
Kentucky,1994,490069,2491948,2392549
Louisiana,1994,798312,3571864,3539581
Maine,1994,211731,1357116,1338353
Maryland,1994,772638,5141505,5187683
Massachusetts,1994,877384,6410757,6391131
Michigan,1994,1601845,11762546,12023935
Minnesota,1994,802913,5262482,5581140
Mississippi,1994,503374,1911579,1919812
Missouri,1994,852324,4488359,4575564
Montana,1994,163968,878986,878084
Nebraska,1994,283962,1710913,1769248
Nevada,1994,235800,1266549,1344245
New Hampshire,1994,181688,1145147,1119762
New Jersey,1994,651554,6957898,6765105
New Mexico,1994,286759,1342868,1223759
New York,1994,2702937,23933662,25359726
North Carolina,1994,1131662,5648390,5740906
North Dakota,1994,118778,603902,621313
Ohio,1994,1816817,10735756,10780138
Oklahoma,1994,316322,1518540,1529205
Oregon,1994,518425,3088542,3191792
Pennsylvania,1994,1720681,13271564,13701725
Rhode Island,1994,144918,1012987,994885
South Carolina,1994,634415,3179542,3156251
South Dakota,1994,108439,507927,525289
Tennessee,1994,857014,3535898,3661470
Texas,1994,3601627,19713604,19224149
Utah,1994,469811,1792011,1846448
Vermont,1994,98377,892124,869710
Virginia,1994,1044721,6125739,6276362
Washington,1994,915952,5739012,5968590
West Virginia,1994,313750,1854403,1843973
Wisconsin,1994,843747,5682439,5860230
Wyoming,1994,100899,674921,623146
Alabama,1995,727480,3367437,3353363
Alaska,1995,125421,1117068,1203817
Arizona,1995,735018,3815218,4056279
Arkansas,1995,447757,2057550,2155067
California,1995,5299405,29512214,30097549
Colorado,1995,639805,3709875,3766191
Connecticut,1995,489513,4420632,4252186
Delaware,1995,106813,802018,772669
District of Columbia,1995,80450,700111,708224
Florida,1995,2107514,13242710,13473977
Georgia,1995,1270948,7052825,7292267
Hawaii,1995,183869,1173579,1157159
Idaho,1995,240448,1083215,1108075
Illinois,1995,1897161,12236673,11821661
Indiana,1995,966622,6514934,6377558
Iowa,1995,498837,3076971,3100772
Kansas,1995,460905,2826943,2756682
Kentucky,1995,639992,3508673,3415870
Louisiana,1995,797061,3791795,3735603
Maine,1995,212154,1446745,1438795
Maryland,1995,790938,5580123,5610071
Massachusetts,1995,893727,7326904,6706082
Michigan,1995,1604527,12500208,12477806
Minnesota,1995,816695,5744447,6155324
Mississippi,1995,503301,2118973,2160068
Missouri,1995,862505,4852467,4957215
Montana,1995,164109,911284,899635
Nebraska,1995,285836,1832463,1874253
Nevada,1995,250749,1367710,1381200
New Hampshire,1995,186239,1197945,1232465
New Jersey,1995,1171658,11870183,11961696
New Mexico,1995,327253,1646265,1540683
New York,1995,2738361,25063999,26540967
North Carolina,1995,1155248,6076939,6217951
North Dakota,1995,119288,642234,621904
Ohio,1995,1829761,11368650,11330046
Oklahoma,1995,609743,3156526,3180275
Oregon,1995,519284,3302062,3255984
Pennsylvania,1995,1741698,13957035,14135826
Rhode Island,1995,146609,1089859,1056716
South Carolina,1995,638880,3389646,3286673
South Dakota,1995,135494,684882,693964
Tennessee,1995,870594,3870164,3958973
Texas,1995,3670007,20483376,20198924
Utah,1995,472589,1953833,2045331
Vermont,1995,100317,934916,891398
Virginia,1995,1060809,6354418,6590998
Washington,1995,938314,5985425,6200754
West Virginia,1995,310231,1916605,1925100
Wisconsin,1995,865374,6006745,6056854
Wyoming,1995,100314,634237,642935
Alabama,1996,735912,3365113,3572283
Alaska,1996,126189,1120346,1240031
Arizona,1996,764681,4143304,4391555
Arkansas,1996,452907,2183384,2297381
California,1996,5460484,31282981,31561692
Colorado,1996,655679,3891203,4075165
Connecticut,1996,499815,4686025,4538234
Delaware,1996,108461,860410,823530
District of Columbia,1996,79802,678874,703245
Florida,1996,2175352,13684457,13936240
Georgia,1996,1311126,7764687,7934236
Hawaii,1996,187104,1199019,1231550
Idaho,1996,243097,1134052,1198223
Illinois,1996,1924970,12732129,12423100
Indiana,1996,975455,6422662,6644035
Iowa,1996,502343,3258040,3284185
Kansas,1996,463008,2914544,3007653
Kentucky,1996,639531,3622788,3826435
Louisiana,1996,796087,3879633,3815375
Maine,1996,213601,1485138,1465093
Maryland,1996,805544,5688918,5825606
Massachusetts,1996,912330,7129757,7479576
Michigan,1996,1631131,13012080,13071893
Minnesota,1996,827418,6101416,6423285
Mississippi,1996,503602,2241561,2268726
Missouri,1996,873867,5251014,5277785
Montana,1996,165390,944623,924259
Nebraska,1996,289251,1909834,1940808
Nevada,1996,265041,1551169,1608989
New Hampshire,1996,191004,1269380,1295106
New Jersey,1996,1193928,12389781,12469216
New Mexico,1996,329661,1750519,1642517
New York,1996,2788343,26026366,26974514
North Carolina,1996,1181600,6516400,6517111
North Dakota,1996,119102,655971,657809
Ohio,1996,1837628,12172778,11935582
Oklahoma,1996,616436,3185234,3195426
Oregon,1996,527769,3375710,3509765
Pennsylvania,1996,1764117,14671368,15048791
Rhode Island,1996,148977,1135192,1092459
South Carolina,1996,635678,3594408,3493720
South Dakota,1996,136394,710728,689818
Tennessee,1996,881749,4123018,4284181
Texas,1996,3740260,22241369,22401797
Utah,1996,474907,2035726,2150719
Vermont,1996,101064,965238,975817
Virginia,1996,1079854,6674519,6903384
Washington,1996,956572,6354593,6578388
West Virginia,1996,306451,1958647,1936848
Wisconsin,1996,869930,6342623,6521058
Wyoming,1996,99859,664057,676305
Alabama,1997,737386,3981788,3963624
Alaska,1997,128143,1131950,1237103
Arizona,1997,783552,4343262,4432360
Arkansas,1997,457349,2355859,2379496
California,1997,5595836,35614934,33862281
Colorado,1997,672634,4133275,4398196
Connecticut,1997,507838,4788489,4642835
Delaware,1997,110245,898926,889631
District of Columbia,1997,78648,711625,686059
Florida,1997,2241298,14363709,14564750
Georgia,1997,1346761,8248199,8483477
Hawaii,1997,187653,1213792,1241375
Idaho,1997,245252,1200186,1293705
Illinois,1997,1952892,13929105,13920593
Indiana,1997,981546,7885141,7325086
Iowa,1997,502941,3406582,3485339
Kansas,1997,466368,3029537,2949608
Kentucky,1997,631592,3842885,3903139
Louisiana,1997,808798,4106095,4027228
Maine,1997,213241,1537085,1527663
Maryland,1997,818583,6040883,6217120
Massachusetts,1997,928519,7585624,7479407
Michigan,1997,1684261,13759710,14235902
Minnesota,1997,837847,6304977,6890773
Mississippi,1997,503979,2274700,2319324
Missouri,1997,899750,5550134,5527705
Montana,1997,164464,989991,972059
Nebraska,1997,290883,1994021,1946725
Nevada,1997,282131,1701290,1905940
New Hampshire,1997,193524,1339186,1431472
New Jersey,1997,1216721,12910890,13242022
New Mexico,1997,332849,1768148,1826524
New York,1997,2818497,26775074,28227561
North Carolina,1997,1208695,6827952,7007690
North Dakota,1997,118433,683331,679692
Ohio,1997,1844245,12630491,12421963
Oklahoma,1997,620695,3413742,3390894
Oregon,1997,537675,3477420,3792572
Pennsylvania,1997,1781383,15184431,15777276
Rhode Island,1997,150433,1185534,1175638
South Carolina,1997,641925,3874045,3921465
South Dakota,1997,135601,747462,711052
Tennessee,1997,886517,4390879,4695409
Texas,1997,3826366,23091567,23671010
Utah,1997,479812,2187279,2178778
Vermont,1997,101584,1022546,1069297
Virginia,1997,1096279,7345090,7436340
Washington,1997,974504,6667626,6792261
West Virginia,1997,303441,2053981,2018185
Wisconsin,1997,879021,6724752,6990489
Wyoming,1997,98777,660079,695127
Alabama,1998,739321,4140537,4245033
Alaska,1998,130633,1206195,1222893
Arizona,1998,794331,4675296,4726098
Arkansas,1998,456355,2567380,2536027
California,1998,5727224,39183018,38087666
Colorado,1998,686360,4359021,4739136
Connecticut,1998,515141,5024673,4810851
Delaware,1998,111428,934530,915207
District of Columbia,1998,77111,706938,716740
Florida,1998,2292161,15595671,15155383
Georgia,1998,1375980,9207163,8990897
Hawaii,1998,189887,1279125,1266378
Idaho,1998,244403,1310960,1342719
Illinois,1998,1972406,14688777,15207067
Indiana,1998,985690,7656749,7649103
Iowa,1998,501054,3589705,3650286
Kansas,1998,468980,3207670,3087318
Kentucky,1998,645232,3938009,4018512
Louisiana,1998,774561,4443468,4379797
Maine,1998,212038,1611926,1601411
Maryland,1998,830744,6521269,6519389
Massachusetts,1998,942331,7726497,8098720
Michigan,1998,1680559,14712250,14905765
Minnesota,1998,841723,6672384,6815289
Mississippi,1998,504792,2400660,2543454
Missouri,1998,909441,5990499,5849648
Montana,1998,162164,1035636,1007146
Nebraska,1998,291570,2062836,1966403
Nevada,1998,296621,1906860,2030065
New Hampshire,1998,196734,1420100,1428447
New Jersey,1998,1238948,13786951,13973201
New Mexico,1998,331673,1913783,1933538
New York,1998,2834992,27900803,29853891
North Carolina,1998,1230010,7516979,7688076
North Dakota,1998,116813,731384,715126
Ohio,1998,1846585,13577343,13005301
Oklahoma,1998,623681,3559980,3617938
Oregon,1998,540226,3892091,3939722
Pennsylvania,1998,1791100,15671363,16432921
Rhode Island,1998,152356,1255280,1221558
South Carolina,1998,648084,4109130,4241163
South Dakota,1998,133698,793101,781279
Tennessee,1998,876693,4757639,4988208
Texas,1998,3888061,24485263,25723965
Utah,1998,480811,2295870,2326611
Vermont,1998,101413,1089658,1064388
Virginia,1998,1110815,7723744,7813707
Washington,1998,991235,6928738,7211601
West Virginia,1998,300737,2178936,2100841
Wisconsin,1998,881552,7083655,7532110
Wyoming,1998,96504,703280,706801
Alabama,1999,737639,4471546,4622810
Alaska,1999,133508,1243227,1289988
Arizona,1999,814157,5085826,5072471
Arkansas,1999,451981,2684966,2650808
California,1999,5839207,41393435,40834643
Colorado,1999,698402,4740254,5040224
Connecticut,1999,522415,5460213,5269517
Delaware,1999,112320,1004472,960335
District of Columbia,1999,71889,758072,738942
Florida,1999,2333567,17093036,16156822
Georgia,1999,1401291,10380164,10106670
Hawaii,1999,188069,1328572,1357649
Idaho,1999,244623,1405250,1409367
Illinois,1999,1987427,16208970,16783840
Indiana,1999,986891,8167164,8196714
Iowa,1999,498214,3740509,3789049
Kansas,1999,469758,3390596,3189867
Kentucky,1999,653628,4188131,4305678
Louisiana,1999,764642,4641847,4702496
Maine,1999,210245,1708133,1699835
Maryland,1999,841671,6850334,6892276
Massachusetts,1999,957402,8388120,8673439
Michigan,1999,1696275,15248112,15837858
Minnesota,1999,843802,6949149,7450965
Mississippi,1999,502382,2532681,2811852
Missouri,1999,911563,6238901,6228001
Montana,1999,159813,1049369,1026263
Nebraska,1999,290383,2212104,2062226
Nevada,1999,311063,2089048,2298474
New Hampshire,1999,201252,1498286,1491560
New Jersey,1999,1257772,14977501,14927302
New Mexico,1999,328715,2068337,2098998
New York,1999,2850352,30215370,31841870
North Carolina,1999,1244926,8476795,8674393
North Dakota,1999,114546,770094,756337
Ohio,1999,1834379,14507056,13865260
Oklahoma,1999,628522,3788901,3817848
Oregon,1999,541436,4080653,4172435
Pennsylvania,1999,1787430,16361921,17113809
Rhode Island,1999,153710,1358566,1289045
South Carolina,1999,652731,4365352,4610436
South Dakota,1999,131728,825851,838078
Tennessee,1999,893842,5059587,5446555
Texas,1999,3933017,26096023,27883593
Utah,1999,478814,2425600,2448591
Vermont,1999,100348,1147600,1129982
Virginia,1999,1122858,8331336,8335873
Washington,1999,999616,7288143,7489129
West Virginia,1999,296551,2190420,2169432
Wisconsin,1999,878983,7415243,7875805
Wyoming,1999,94420,780875,739019
Alabama,2000,730184,4885917,5003267
Alaska,2000,132822,1313510,1386904
Arizona,2000,814807,5479168,5397194
Arkansas,2000,450751,2844855,2683400
California,2000,5941946,46628207,45829753
Colorado,2000,707436,5073266,5444193
Connecticut,2000,530363,5884078,5605280
Delaware,2000,112743,1098555,1040480
District of Columbia,2000,70762,881423,858807
Florida,2000,2377271,17558787,17180954
Georgia,2000,1422941,11197766,10884510
Hawaii,2000,185860,1404895,1363511
Idaho,2000,245226,1452222,1467977
Illinois,2000,2003839,17595047,18073190
Indiana,2000,987214,8489991,8518477
Iowa,2000,497301,3822452,3974813
Kansas,2000,469377,3518271,3327090
Kentucky,2000,646467,4330089,4510972
Louisiana,2000,750755,4785331,4807097
Maine,2000,209012,1792390,1842276
Maryland,2000,846582,7419047,7355698
Massachusetts,2000,958907,9464271,9466363
Michigan,2000,1700074,15939477,16580526
Minnesota,2000,839839,7344747,7736391
Mississippi,2000,499362,2743284,2996474
Missouri,2000,913517,6675260,6708608
Montana,2000,157381,1104935,1051768
Nebraska,2000,287566,2263952,2165529
Nevada,2000,325610,2252416,2437438
New Hampshire,2000,203178,1586869,1640395
New Jersey,2000,1279542,15651060,15907248
New Mexico,2000,324489,2191695,2165031
New York,2000,2861478,31906526,33683043
North Carolina,2000,1261586,9064700,9275837
North Dakota,2000,112349,812982,802768
Ohio,2000,1822566,15327834,14909952
Oklahoma,2000,627032,3906833,3876871
Oregon,2000,542739,4369400,4398318
Pennsylvania,2000,1782444,17090654,17861852
Rhode Island,2000,155351,1464820,1388454
South Carolina,2000,666780,4690418,4961392
South Dakota,2000,130279,868161,898609
Tennessee,2000,907222,5338531,5805181
Texas,2000,3965971,28918934,31067935
Utah,2000,477835,2546642,2478420
Vermont,2000,99609,1211370,1193813
Virginia,2000,1132673,8911426,9154676
Washington,2000,1003714,7620930,7811937
West Virginia,2000,290982,2243151,2243563
Wisconsin,2000,877165,7848352,8183251
Wyoming,2000,91883,787323,769923
Alabama,2001,728532,4832946,5086045
Alaska,2001,131985,1325498,1402839
Arizona,2001,834387,5916342,5858385
Arkansas,2001,449693,2974588,2951677
California,2001,6045030,53288943,52082540
Colorado,2001,723696,5372784,5727966
Connecticut,2001,537521,6331569,5987680
Delaware,2001,112055,1153831,1175717
District of Columbia,2001,68925,1042261,1026146
Florida,2001,2431884,18467090,18389394
Georgia,2001,1444937,12271962,11853800
Hawaii,2001,184360,1682332,1363164
Idaho,2001,243926,1571348,1535485
Illinois,2001,2025249,18534372,19337580
Indiana,2001,987854,9124748,8991877
Iowa,2001,495080,4068110,4211493
Kansas,2001,468347,3681845,3491029
Kentucky,2001,643730,4536133,4350588
Louisiana,2001,737223,4982369,4939894
Maine,2001,207171,1914551,1958646
Maryland,2001,852920,7864290,7981362
Massachusetts,2001,965934,10613329,10572138
Michigan,2001,1705088,16772419,17573761
Minnesota,2001,836386,7836617,8221636
Mississippi,2001,496513,2823151,2930393
Missouri,2001,911673,7081783,7100685
Montana,2001,154700,1139959,1129098
Nebraska,2001,285331,2355374,2344564
Nevada,2001,339451,2381897,2692840
New Hampshire,2001,204721,1757828,1796043
New Jersey,2001,1301195,16854895,17144456
New Mexico,2001,319524,2373143,2315182
New York,2001,2856277,34373567,38062603
North Carolina,2001,1277013,9670620,9807815
North Dakota,2001,108788,818139,814838
Ohio,2001,1821546,16693845,16282257
Oklahoma,2001,623110,4257128,4288405
Oregon,2001,544756,4561948,4715944
Pennsylvania,2001,1771473,17792997,18666522
Rhode Island,2001,156275,1592622,1504125
South Carolina,2001,676681,5437615,5492539
South Dakota,2001,127986,886661,950595
Tennessee,2001,895839,5560822,6165661
Texas,2001,4021535,30868844,33201450
Utah,2001,477380,2741771,2669621
Vermont,2001,97715,1300273,1306513
Virginia,2001,1143807,9493862,9862715
Washington,2001,1004843,7936037,8026334
West Virginia,2001,285785,2321731,2310098
Wisconsin,2001,875569,8363904,8574804
Wyoming,2001,89711,804297,787949
Alabama,2002,726367,5128559,5147821
Alaska,2002,133010,1377767,1523327
Arizona,2002,859588,6192222,6018188
Arkansas,2002,449161,3147921,3087453
California,2002,6136915,54727056,56464225
Colorado,2002,741319,5849588,6237142
Connecticut,2002,543829,6644334,6475918
Delaware,2002,111331,1180255,1246284
District of Columbia,2002,68449,1138126,1145684
Florida,2002,2500179,18541689,19051049
Georgia,2002,1470634,13042229,12690343
Hawaii,2002,184546,1889600,1436637
Idaho,2002,244937,1625444,1666027
Illinois,2002,2047836,19084554,20563001
Indiana,2002,994348,9273957,9353054
Iowa,2002,485932,4191217,4418238
Kansas,2002,470204,3823261,3690815
Kentucky,2002,654363,4621025,4541670
Louisiana,2002,725027,5229238,5298267
Maine,2002,205344,2041986,2057022
Maryland,2002,860640,8430663,8568446
Massachusetts,2002,959641,11217085,11507438
Michigan,2002,1724961,18055855,18881772
Minnesota,2002,832265,8065042,8716123
Mississippi,2002,492198,3029559,3026111
Missouri,2002,909918,7455539,7636924
Montana,2002,151751,1168799,1163960
Nebraska,2002,283789,2528312,2562812
Nevada,2002,354869,2592064,2913023
New Hampshire,2002,203072,1887115,1956047
New Jersey,2002,1326196,18071365,18155147
New Mexico,2002,317548,2537261,2542682
New York,2002,2846068,35748163,39585780
North Carolina,2002,1296156,9701231,9882399
North Dakota,2002,105936,846759,838666
Ohio,2002,1796603,17589983,17608944
Oklahoma,2002,622115,4370415,4467944
Oregon,2002,549604,4772603,4980466
Pennsylvania,2002,1766513,18586743,20018554
Rhode Island,2002,156624,1633707,1600087
South Carolina,2002,674347,5627004,5897462
South Dakota,2002,127129,930874,981977
Tennessee,2002,897695,5785857,6363357
Texas,2002,4112315,32802734,35668486
Utah,2002,480526,2865058,2924051
Vermont,2002,96427,1387074,1392880
Virginia,2002,1162045,9914221,10209197
Washington,2002,1009200,8250593,8362656
West Virginia,2002,282145,2413744,2427316
Wisconsin,2002,875216,8624767,8863966
Wyoming,2002,87897,908719,868607
Alabama,2003,727900,5196054,5298932
Alaska,2003,133303,1425948,1610289
Arizona,2003,875111,6529894,6210287
Arkansas,2003,450158,3241275,3242799
California,2003,6226552,59815855,59749885
Colorado,2003,751049,6297242,6685029
Connecticut,2003,548466,6959891,6751815
Delaware,2003,111282,1242436,1317447
District of Columbia,2003,67522,1114061,1105963
Florida,2003,2536699,19549835,20180142
Georgia,2003,1495819,13524807,13516783
Hawaii,2003,183829,2078877,1602392
Idaho,2003,248515,1685984,1726941
Illinois,2003,2062664,19627346,21278177
Indiana,2003,999713,8246076,9777720
Iowa,2003,482210,4374803,4517990
Kansas,2003,470264,4068800,3818740
Kentucky,2003,660782,4872025,4700494
Louisiana,2003,723252,5478321,5515322
Maine,2003,203848,2162605,2154117
Maryland,2003,866743,8700979,8732518
Massachusetts,2003,967200,11591832,11382398
Michigan,2003,1764327,18488359,19680370
Minnesota,2003,825674,8484497,8938770
Mississippi,2003,491623,3260771,3205193
Missouri,2003,921625,7622601,7905481
Montana,2003,149801,1205602,1214879
Nebraska,2003,283934,2600831,2623966
Nevada,2003,369498,2778564,3009028
New Hampshire,2003,203702,2028602,2122604
New Jersey,2003,1350330,19785039,19812932
New Mexico,2003,320264,2626262,2658140
New York,2003,2879228,38033080,41603390
North Carolina,2003,1314632,9907235,9989670
North Dakota,2003,103785,882913,895278
Ohio,2003,1803966,18018740,18760200
Oklahoma,2003,624202,4426835,4376502
Oregon,2003,552135,4592019,4978764
Pennsylvania,2003,1757066,19811545,20626459
Rhode Island,2003,157286,1728055,1646238
South Carolina,2003,691736,5709707,6024747
South Dakota,2003,127632,965778,993823
Tennessee,2003,905050,5994756,6482671
Texas,2003,4201914,35143236,37333674
Utah,2003,483066,2875622,2957874
Vermont,2003,94901,1451171,1440961
Virginia,2003,1175458,10504167,10746679
Washington,2003,1014577,8565636,8802387
West Virginia,2003,281591,2497707,2524444
Wisconsin,2003,875390,8931497,9128279
Wyoming,2003,85966,962240,915515
Alabama,2004,730418,5356113,5450269
Alaska,2004,133153,1477152,1647250
Arizona,2004,895927,7117923,6731212
Arkansas,2004,453491,3385818,3539569
California,2004,6284502,60162326,62647953
Colorado,2004,756319,6527456,6869975
Connecticut,2004,552505,7276945,7087023
Delaware,2004,111520,1334523,1373416
District of Columbia,2004,65099,1081501,1087040
Florida,2004,2592997,21623923,21896220
Georgia,2004,1522424,14136215,13779680
Hawaii,2004,183609,2138137,1734591
Idaho,2004,252037,1733838,1744954
Illinois,2004,2079027,21082441,21681903
Indiana,2004,1005587,10423578,10312694
Iowa,2004,481226,4396136,4443289
Kansas,2004,469824,4377709,3982036
Kentucky,2004,663886,5135262,5259909
Louisiana,2004,721414,5713792,5708535
Maine,2004,201594,2228749,2291174
Maryland,2004,869113,9123493,8921938
Massachusetts,2004,962488,11979937,12033345
Michigan,2004,1738976,18663799,20060708
Minnesota,2004,822245,8688315,8963393
Mississippi,2004,492557,3481643,3473928
Missouri,2004,914055,7893957,7896438
Montana,2004,148168,1270790,1241417
Nebraska,2004,284170,2734724,2667987
Nevada,2004,385414,3069531,3228619
New Hampshire,2004,203359,2194562,2236010
New Jersey,2004,1363189,21398391,21467607
New Mexico,2004,323066,2855893,2882631
New York,2004,2842785,40820776,42953568
North Carolina,2004,1325707,10569600,10263463
North Dakota,2004,101889,925393,957480
Ohio,2004,1797666,18878773,19375400
Oklahoma,2004,625826,4622080,4400069
Oregon,2004,549196,5086083,5393871
Pennsylvania,2004,1756012,21104028,22054811
Rhode Island,2004,156997,1836758,1745707
South Carolina,2004,696376,5961494,6138231
South Dakota,2004,125156,1007135,1012096
Tennessee,2004,911624,6349101,6738601
Texas,2004,4267330,36055119,38150452
Utah,2004,487311,2997200,3066684
Vermont,2004,93705,1525776,1550157
Virginia,2004,1191035,11151172,11404055
Washington,2004,1020990,8790531,9009980
West Virginia,2004,280561,2585084,2603996
Wisconsin,2004,874233,9183588,9126345
Wyoming,2004,86925,974888,953916
Alabama,2005,729342,5889966,5904664
Alaska,2005,132568,1599739,1751718
Arizona,2005,919875,7550109,7136794
Arkansas,2005,461667,3978240,3999608
California,2005,6307022,62171797,66196072
Colorado,2005,765388,6910296,7284280
Connecticut,2005,552512,7898694,7452057
Delaware,2005,112562,1431710,1480157
District of Columbia,2005,62306,1109605,1085658
Florida,2005,2645280,23216404,23857012
Georgia,2005,1552758,14724731,14492666
Hawaii,2005,183185,2274166,1765805
Idaho,2005,253782,1796035,1819519
Illinois,2005,2072437,21611180,22035569
Indiana,2005,1014528,11653165,11071431
Iowa,2005,478319,4638125,4599549
Kansas,2005,468481,4223632,4076597
Kentucky,2005,674502,5444309,5750671
Louisiana,2005,717625,5975074,5941561
Maine,2005,198745,2324789,2325138
Maryland,2005,865561,9906219,9782665
Massachusetts,2005,955225,12976279,12726283
Michigan,2005,1721351,19106382,20489512
Minnesota,2005,814660,8777363,9082593
Mississippi,2005,494382,3639643,3610904
Missouri,2005,902659,8340865,8170965
Montana,2005,146552,1293070,1268328
Nebraska,2005,284553,2895640,2708776
Nevada,2005,399727,3381646,3483540
New Hampshire,2005,202223,2332695,2333264
New Jersey,2005,1368959,23026334,23023365
New Mexico,2005,326102,2982991,3011696
New York,2005,2816426,43936450,45086872
North Carolina,2005,1347177,11098165,10917913
North Dakota,2005,100413,969520,985502
Ohio,2005,1778784,19746239,19785561
Oklahoma,2005,629145,4892548,4785987
Oregon,2005,550502,5022050,5597579
Pennsylvania,2005,1755560,22657782,23183924
Rhode Island,2005,153596,1903472,1790591
South Carolina,2005,701176,6337711,6572191
South Dakota,2005,124862,1053504,1059303
Tennessee,2005,940769,6806262,7067521
Texas,2005,4334611,37783715,40302144
Utah,2005,488055,3181279,3188018
Vermont,2005,92819,1628681,1634534
Virginia,2005,1203697,12182657,12385157
Washington,2005,1019925,9141383,9399603
West Virginia,2005,279456,2701056,2698703
Wisconsin,2005,869301,9584108,9433502
Wyoming,2005,84146,1132160,1033603
Alabama,2006,743265,6364028,6591429
Alaska,2006,132893,1625138,1817656
Arizona,2006,947266,8084068,7934177
Arkansas,2006,472609,4247664,4343877
California,2006,6295994,66302860,68722432
Colorado,2006,778842,7295561,7803324
Connecticut,2006,549744,8436197,7982143
Delaware,2006,114371,1544615,1646885
District of Columbia,2006,59616,1092863,1081887
Florida,2006,2663973,25423686,26609155
Georgia,2006,1597682,16165924,15839227
Hawaii,2006,182818,2705532,1939968
Idaho,2006,258314,1875346,1903720
Illinois,2006,2097585,22724326,22622323
Indiana,2006,1026106,11578988,11260755
Iowa,2006,483482,4898509,4930613
Kansas,2006,467279,4648920,4439000
Kentucky,2006,679621,6002056,6112978
Louisiana,2006,648313,6780668,6032182
Maine,2006,195675,2381908,2381439
Maryland,2006,860021,10697117,10585292
Massachusetts,2006,949951,14160242,13503621
Michigan,2006,1714416,19714584,20626758
Minnesota,2006,812040,9314477,9671933
Mississippi,2006,493952,4279581,4066036
Missouri,2006,913765,8846493,8654672
Montana,2006,145259,1375638,1377599
Nebraska,2006,285547,3107061,2867250
Nevada,2006,412747,3691628,4022979
New Hampshire,2006,201044,2459051,2494247
New Jersey,2006,1371155,23915685,24177714
New Mexico,2006,326761,3094036,3099738
New York,2006,2787366,47018793,48359774
North Carolina,2006,1378306,11709885,11725031
North Dakota,2006,98172,1008339,1017084
Ohio,2006,1769200,20957714,20589584
Oklahoma,2006,634468,5120286,5094695
Oregon,2006,556185,5429145,5386128
Pennsylvania,2006,1752402,23950553,24195122
Rhode Island,2006,150112,2004709,1983578
South Carolina,2006,699027,6752813,7148083
South Dakota,2006,121718,1086433,1052315
Tennessee,2006,953514,7195519,7395357
Texas,2006,4450272,41142403,43394244
Utah,2006,496507,3381146,3371338
Vermont,2006,90850,1725093,1711762
Virginia,2006,1213616,13153845,13481336
Washington,2006,1031668,9679682,9915617
West Virginia,2006,279788,2814536,2852607
Wisconsin,2006,869596,9855692,9779642
Wyoming,2006,86155,1150345,1146527
Alabama,2007,743273,7069040,7196459
Alaska,2007,132197,1800616,1938755
Arizona,2007,969875,8724434,8709531
Arkansas,2007,474532,4415981,4779308
California,2007,6288686,72516936,73225422
Colorado,2007,790211,7689014,8039146
Connecticut,2007,549230,8913149,8685421
Delaware,2007,114678,1694929,1705204
District of Columbia,2007,56943,1148358,1140506
Florida,2007,2656176,28898362,29849892
Georgia,2007,1628409,17755989,17389530
Hawaii,2007,180728,2985593,2199604
Idaho,2007,262935,2011951,1960472
Illinois,2007,2101075,23897153,23401917
Indiana,2007,1034588,10458932,11462062
Iowa,2007,483122,5194536,5198975
Kansas,2007,468974,5038100,4823931
Kentucky,2007,646360,6226696,6351636
Louisiana,2007,662302,7048732,6657341
Maine,2007,193539,2538161,2501127
Maryland,2007,851640,11674965,11541225
Massachusetts,2007,945070,14407777,14315518
Michigan,2007,1686473,20576110,19839838
Minnesota,2007,810104,9693509,10030105
Mississippi,2007,494135,4220926,4158733
Missouri,2007,910142,8908844,9245525
Montana,2007,144258,1474306,1442434
Nebraska,2007,287135,3234014,3117931
Nevada,2007,422782,4006081,4346371
New Hampshire,2007,198625,2600123,2608190
New Jersey,2007,1363804,25293076,25572112
New Mexico,2007,327816,3272953,3279467
New York,2007,2754976,50762544,51253984
North Carolina,2007,1416028,13063307,12794086
North Dakota,2007,96577,1045678,1042175
Ohio,2007,1758645,22142424,21336580
Oklahoma,2007,639032,5491931,5505213
Oregon,2007,559643,5648586,5634955
Pennsylvania,2007,1760451,25334577,25627083
Rhode Island,2007,147861,2100679,2082332
South Carolina,2007,701580,7130274,7660995
South Dakota,2007,121158,1136570,1096568
Tennessee,2007,978084,7617488,7817659
Texas,2007,4513835,44355326,45920825
Utah,2007,504079,3656090,3618540
Vermont,2007,89329,1836316,1804519
Virginia,2007,1220440,14176385,14700853
Washington,2007,1026121,10350748,10682397
West Virginia,2007,281298,2905489,2983267
Wisconsin,2007,870584,10154985,9988878
Wyoming,2007,85034,1477891,1390344
Alabama,2008,742919,7726213,7847387
Alaska,2008,130624,2188587,2274819
Arizona,2008,987332,9272152,9581201
Arkansas,2008,476110,4608356,4720720
California,2008,6258421,74626928,76618865
Colorado,2008,796824,8070129,8884786
Connecticut,2008,544417,9322225,9046750
Delaware,2008,114062,1694998,1746925
District of Columbia,2008,58191,1224312,1224785
Florida,2008,2645680,30001821,31219589
Georgia,2008,1646010,18683630,19172087
Hawaii,2008,179897,2541703,2242408
Idaho,2008,265844,2151476,2001328
Illinois,2008,2099118,25431714,25696866
Indiana,2008,1033329,11340157,10865851
Iowa,2008,485114,5496908,5495756
Kansas,2008,467743,5378095,5122049
Kentucky,2008,666019,6637062,6793215
Louisiana,2008,662971,7751886,7599993
Maine,2008,193058,2594335,2582293
Maryland,2008,845700,13098112,12739693
Massachusetts,2008,937677,14633578,14631545
Michigan,2008,1661936,20441973,20703780
Minnesota,2008,807929,10118118,10462624
Mississippi,2008,493302,4449009,4363308
Missouri,2008,898350,9335599,9900419
Montana,2008,142695,1562815,1557678
Nebraska,2008,290912,3383157,3325663
Nevada,2008,428776,4338601,4881218
New Hampshire,2008,195668,2715463,2715961
New Jersey,2008,1353191,25916004,26168480
New Mexico,2008,329045,3569311,3599724
New York,2008,2727552,53147343,54870811
North Carolina,2008,1408316,13610326,13731201
North Dakota,2008,94959,1104803,1085970
Ohio,2008,1743920,22746589,21951104
Oklahoma,2008,641682,5780151,5667749
Oregon,2008,562632,6107684,6407512
Pennsylvania,2008,1718588,26357235,26597713
Rhode Island,2008,143812,2173888,2175172
South Carolina,2008,710685,7743317,8167262
South Dakota,2008,121606,1190917,1172715
Tennessee,2008,966963,8086152,8488521
Texas,2008,4581517,46245975,50205827
Utah,2008,556314,4198001,4337917
Vermont,2008,87919,1888635,1888133
Virginia,2008,1230857,14768120,15236306
Washington,2008,1029576,11195224,11677666
West Virginia,2008,281735,2965828,3068910
Wisconsin,2008,867929,10619354,10545964
Wyoming,2008,85991,1602514,1517325
Alabama,2009,745668,7186390,7815467
Alaska,2009,130236,2158970,2396412
Arizona,2009,981303,8802515,9580393
Arkansas,2009,474423,4753142,5017352
California,2009,6234155,73958896,74766086
Colorado,2009,812068,8310673,8682489
Connecticut,2009,539250,9681268,9323053
Delaware,2009,116804,1718993,1798244
District of Columbia,2009,44331,801008,805362
Florida,2009,2623067,26494500,28867429
Georgia,2009,1649598,17972839,19025136
Hawaii,2009,179478,2689758,2318671
Idaho,2009,267951,2182273,2078446
Illinois,2009,2117291,26987426,27716187
Indiana,2009,1028259,12999357,11218398
Iowa,2009,487559,5732319,5732186
Kansas,2009,470445,5615208,5827751
Kentucky,2009,669858,6706922,6831006
Louisiana,2009,662774,7984550,8053960
Maine,2009,187372,2623127,2624504
Maryland,2009,843781,13147931,12757599
Massachusetts,2009,932437,15298022,15174814
Michigan,2009,1537515,19616665,19992550
Minnesota,2009,800831,10353784,11193640
Mississippi,2009,491194,4392101,4552756
Missouri,2009,893807,9472520,10227305
Montana,2009,141782,1607935,1622485
Nebraska,2009,292161,3522481,3523803
Nevada,2009,430985,4442101,4577881
New Hampshire,2009,197024,2816162,2757401
New Jersey,2009,1354912,26510413,26145334
New Mexico,2009,328737,3703477,3945515
New York,2009,2696688,55885116,57851481
North Carolina,2009,1452064,15410564,14868070
North Dakota,2009,94653,1150142,1137260
Ohio,2009,1729072,22779344,22427481
Oklahoma,2009,644549,6029807,5941799
Oregon,2009,560726,6158756,6715011
Pennsylvania,2009,1687145,26755585,27328680
Rhode Island,2009,141521,2179714,2171376
South Carolina,2009,714290,7669733,8427391
South Dakota,2009,126624,1258876,1273527
Tennessee,2009,971484,8112895,8611178
Texas,2009,4647205,48087531,53575273
Utah,2009,532433,4238943,4419750
Vermont,2009,86320,1683034,1661019
Virginia,2009,1235064,15251481,15510318
Washington,2009,1035907,12025012,12240632
West Virginia,2009,281908,3097212,3121728
Wisconsin,2009,867035,10991081,10880480
Wyoming,2009,86971,1675761,1658156
Alabama,2010,748889,7281058,7647571
Alaska,2010,131265,2230338,2371251
Arizona,2010,963517,8828122,8812967
Arkansas,2010,474897,5069272,5520387
California,2010,6213958,67356719,71227111
Colorado,2010,825242,8793676,8914338
Connecticut,2010,534800,9726922,9542108
Delaware,2010,117628,1733458,1758988
District of Columbia,2010,43866,1195934,1290048
Florida,2010,2627390,26231141,27267009
Georgia,2010,1660643,17839851,17834488
Hawaii,2010,180196,2564856,2215458
Idaho,2010,266613,2177999,2098737
Illinois,2010,2098401,28253620,28560306
Indiana,2010,1026053,14023240,11502534
Iowa,2010,491255,5744872,5941449
Kansas,2010,471406,5454128,5979429
Kentucky,2010,679901,6881951,7092071
Louisiana,2010,663802,8091029,8125021
Maine,2010,187634,2721365,2680693
Maryland,2010,848252,13327770,13205691
Massachusetts,2010,929569,14919763,14857823
Michigan,2010,1510716,19393461,19967017
Minnesota,2010,799615,10383935,10564774
Mississippi,2010,491651,4466377,4504257
Missouri,2010,897348,9587703,10139784
Montana,2010,141693,1623971,1642886
Nebraska,2010,294948,3720560,3640199
Nevada,2010,423859,4262471,4260869
New Hampshire,2010,196648,2906573,2856965
New Jersey,2010,1369553,26676217,26736651
New Mexico,2010,331436,3638606,3814058
New York,2010,2697357,55453300,60067253
North Carolina,2010,1444409,16621268,14162497
North Dakota,2010,94997,1308214,1267426
Ohio,2010,1669748,23247907,22701333
Oklahoma,2010,653592,5778507,5971651
Oregon,2010,560239,6219779,6398065
Pennsylvania,2010,1682887,27883991,28231191
Rhode Island,2010,141023,2207123,2187163
South Carolina,2010,715590,7755419,8242553
South Dakota,2010,123555,1292742,1281632
Tennessee,2010,971414,8405025,8760367
Texas,2010,4728815,50559500,53810244
Utah,2010,538676,4250259,4326951
Vermont,2010,87750,1749898,1719870
Virginia,2010,1244673,14937195,14919831
Washington,2010,1034735,11919090,11820814
West Virginia,2010,281828,3176874,3484593
Wisconsin,2010,864898,11289720,11116821
Wyoming,2010,87379,1718605,1696177
Alabama,2011,746933,7376725,7411768
Alaska,2011,131704,2357828,2443898
Arizona,2011,946571,8429186,8610417
Arkansas,2011,475551,5176362,5669431
California,2011,6202604,70953331,69847705
Colorado,2011,834832,8747471,8676451
Connecticut,2011,530132,9783168,9439182
Delaware,2011,119878,1759170,1808905
District of Columbia,2011,44199,1283071,1297175
Florida,2011,2636404,26453693,26991946
Georgia,2011,1666039,18030043,17187481
Hawaii,2011,179601,2499513,2259104
Idaho,2011,265713,2089982,1960818
Illinois,2011,2072114,29507584,28525858
Indiana,2011,1023220,12125155,11113533
Iowa,2011,493493,6098470,6057294
Kansas,2011,482692,5538869,5662146
Kentucky,2011,672958,7104589,7253850
Louisiana,2011,665109,8022917,8218870
Maine,2011,186835,2654366,2728535
Maryland,2011,851971,13443940,13247697
Massachusetts,2011,924903,15396681,15150898
Michigan,2011,1455966,19374026,18469948
Minnesota,2011,798891,10912368,10612480
Mississippi,2011,490526,4516742,4345783
Missouri,2011,896702,9915356,9842505
Montana,2011,141529,1631810,1655584
Nebraska,2011,297659,3879388,3676326
Nevada,2011,429610,4146577,4258855
New Hampshire,2011,189275,2947007,3001244
New Jersey,2011,1399409,26242376,25716298
New Mexico,2011,331373,3591330,3694437
New York,2011,2677412,57753776,59446908
North Carolina,2011,1448117,14409515,13767024
North Dakota,2011,96255,1309044,1312226
Ohio,2011,1655534,23488657,23010396
Oklahoma,2011,658163,5835133,5644988
Oregon,2011,559631,6112484,6317635
Pennsylvania,2011,1670854,28492510,28810721
Rhode Island,2011,139157,2212352,2198940
South Carolina,2011,713511,7772777,7961448
South Dakota,2011,125613,1297661,1350617
Tennessee,2011,986382,8679893,8961443
Texas,2011,4800196,51023159,52691826
Utah,2011,545395,4141253,4195916
Vermont,2011,86982,1686499,1722515
Virginia,2011,1250852,14655345,14675815
Washington,2011,1042979,11905941,11928408
West Virginia,2011,282130,3475642,3670119
Wisconsin,2011,864251,11664303,11440718
Wyoming,2011,88165,1650621,1656850
Alabama,2012,744621,7136949,7222161
Alaska,2012,130771,2383402,2483320
Arizona,2012,942738,7934798,8054662
Arkansas,2012,475671,5169926,5299969
California,2012,6203034,69016392,70191877
Colorado,2012,843120,8616009,8472536
Connecticut,2012,522451,10070907,9791336
Delaware,2012,118624,1855867,1915966
District of Columbia,2012,44618,1331006,1189542
Florida,2012,2658559,24139266,25352047
Georgia,2012,1669156,17559894,17400209
Hawaii,2012,182706,2535038,2344733
Idaho,2012,267556,1981482,1911706
Illinois,2012,2071481,29900021,29067543
Indiana,2012,1006627,12395432,11351906
Iowa,2012,495870,6262807,6256926
Kansas,2012,485591,5613619,5615714
Kentucky,2012,681827,7192430,7444529
Louisiana,2012,665478,8477993,8504567
Maine,2012,187247,2611056,2625759
Maryland,2012,853778,13752912,13212140
Massachusetts,2012,922683,15763456,15696061
Michigan,2012,1421312,18622316,18063824
Minnesota,2012,799736,10681609,10696348
Mississippi,2012,490619,4477828,4423270
Missouri,2012,893221,10022622,9910617
Montana,2012,142237,1628318,1652537
Nebraska,2012,300941,3764056,3880517
Nevada,2012,428526,4053945,4109706
New Hampshire,2012,190778,2963221,2961684
New Jersey,2012,1330300,27574528,26432652
New Mexico,2012,328690,3478709,3616691
New York,2012,2644029,58981073,60216421
North Carolina,2012,1462172,12788659,13418244
North Dakota,2012,97555,1345371,1380563
Ohio,2012,1630865,22799205,22662376
Oklahoma,2012,664200,5824963,5594867
Oregon,2012,566525,6124872,6314092
Pennsylvania,2012,1644759,27881568,27851918
Rhode Island,2012,137400,2208278,2190431
South Carolina,2012,715744,7889771,7948441
South Dakota,2012,127726,1298723,1296971
Tennessee,2012,998638,8983224,9256522
Texas,2012,4844744,49979753,50215314
Utah,2012,553873,4217360,4330417
Vermont,2012,87968,1754161,1726321
Virginia,2012,1257332,14940479,15129464
Washington,2012,1044856,11955582,12187889
West Virginia,2012,282088,3970941,3536971
Wisconsin,2012,863314,11139967,10724377
Wyoming,2012,89994,1664983,1670728
Alabama,2013,744548,7197439,7487741
Alaska,2013,131091,2545117,2665933
Arizona,2013,941726,8164324,7600581
Arkansas,2013,477716,5067546,5226339
California,2013,6208733,68868516,69727119
Colorado,2013,851063,8826868,8699125
Connecticut,2013,517812,10319361,9758850
Delaware,2013,118685,1930466,1924626
District of Columbia,2013,44179,1300036,1308438
Florida,2013,2680074,24681548,25245400
Georgia,2013,1682620,17459504,17317504
Hawaii,2013,184760,2331770,2345917
Idaho,2013,272070,2015534,1967676
Illinois,2013,2069823,30057886,29517831
Indiana,2013,1002772,12236713,11211155
Iowa,2013,499489,6281345,6318241
Kansas,2013,488590,5667223,5621023
Kentucky,2013,685009,7216175,7413896
Louisiana,2013,671156,8121179,7940880
Maine,2013,184682,2650346,2535405
Maryland,2013,859252,13814727,13284637
Massachusetts,2013,920968,16114783,16201905
Michigan,2013,1381167,18270327,17468264
Minnesota,2013,802454,10848720,10942019
Mississippi,2013,492847,4444064,4370050
Missouri,2013,897224,10103589,10001763
Montana,2013,142797,1671053,1679521
Nebraska,2013,303242,3870164,3913038
Nevada,2013,431776,4131800,4057443
New Hampshire,2013,187703,2976317,2878534
New Jersey,2013,1338657,28070096,28179900
New Mexico,2013,327209,3518621,3536546
New York,2013,2629805,59623918,60505950
North Carolina,2013,1468228,12729402,13650536
North Dakota,2013,101025,1405349,1516575
Ohio,2013,1613718,22536516,22015797
Oklahoma,2013,671445,5878111,5796945
Oregon,2013,564006,6077498,6228197
Pennsylvania,2013,1623694,28484645,28495118
Rhode Island,2013,136401,2282659,2231413
South Carolina,2013,722249,8254462,8224795
South Dakota,2013,130296,1316613,1332496
Tennessee,2013,992461,9008032,9248235
Texas,2013,4897523,49734537,50674724
Utah,2013,562315,4300793,4584624
Vermont,2013,89200,1817307,1809138
Virginia,2013,1264880,15322318,15634918
Washington,2013,1050901,12242231,12097549
West Virginia,2013,282310,3486366,3488877
Wisconsin,2013,863737,11097447,10845059
Wyoming,2013,91533,1695967,1675477
Alabama,2014,740081,7357267,7587737
Alaska,2014,130539,2663647,2727056
Arizona,2014,943937,8361708,8109460
Arkansas,2014,479881,5193218,5242672
California,2014,6224685,72389126,72506810
Colorado,2014,865231,9162406,9286626
Connecticut,2014,511082,10743919,10201500
Delaware,2014,120623,1954374,1988535
District of Columbia,2014,44942,1342220,1313289
Florida,2014,2708022,26077462,26523658
Georgia,2014,1699185,17821620,17668352
Hawaii,2014,186825,2696766,2504144
Idaho,2014,281452,2084970,2012852
Illinois,2014,2060632,31085621,31080869
Indiana,2014,1007121,12399402,11136045
Iowa,2014,501763,6455928,6541553
Kansas,2014,496034,5813985,5957954
Kentucky,2014,686789,7229857,7346219
Louisiana,2014,665441,8352703,8140649
Maine,2014,178709,2675648,2550302
Maryland,2014,865768,13982544,13712839
Massachusetts,2014,920558,16609204,16518383
Michigan,2014,1363533,18457253,17358365
Minnesota,2014,804580,11168633,11300786
Mississippi,2014,492421,4480105,4463078
Missouri,2014,892992,10256615,10324249
Montana,2014,144034,1729712,1754324
Nebraska,2014,307398,4005091,4008633
Nevada,2014,435765,4203255,4043820
New Hampshire,2014,184846,3042994,2960615
New Jersey,2014,1335350,28454548,27742203
New Mexico,2014,326637,3601387,3576216
New York,2014,2619312,61337112,62556193
North Carolina,2014,1441391,13462754,13540706
North Dakota,2014,103272,1568997,1597210
Ohio,2014,1601566,23297509,21847582
Oklahoma,2014,670069,6034336,6026661
Oregon,2014,566538,6621363,6453635
Pennsylvania,2014,1605292,29068069,28620630
Rhode Island,2014,135084,2313010,2258076
South Carolina,2014,729386,8417698,8452743
South Dakota,2014,130653,1345549,1355439
Tennessee,2014,992583,9237782,9432883
Texas,2014,4949469,52776853,53096761
Utah,2014,570423,4405929,4385896
Vermont,2014,87990,1895044,1876197
Virginia,2014,1273211,15347862,15690444
Washington,2014,1057773,13040197,12806300
West Virginia,2014,280265,3514889,3499873
Wisconsin,2014,865119,11330253,11255186
Wyoming,2014,92732,1772633,1775999
Alabama,2015,734974,7360222,7501799
Alaska,2015,130755,2920986,2968341
Arizona,2015,944978,8230507,7902600
Arkansas,2015,479682,5308625,5350543
California,2015,6226523,78248042,78365958
Colorado,2015,872320,9648297,9557682
Connecticut,2015,505366,11099837,10542667
Delaware,2015,121845,2017075,1975093
District of Columbia,2015,46155,1382282,1360942
Florida,2015,2743641,26971491,27277049
Georgia,2015,1717805,18584666,18501103
Hawaii,2015,182384,2703683,2521004
Idaho,2015,274131,2167967,2029520
Illinois,2015,2047123,32096832,32410033
Indiana,2015,1004215,12456571,11378564
Iowa,2015,505311,6714410,6772654
Kansas,2015,496920,5991731,6175724
Kentucky,2015,688475,7548871,7554887
Louisiana,2015,661015,8448743,8437263
Maine,2015,176176,2739589,2596180
Maryland,2015,874108,14491642,13882823
Massachusetts,2015,916130,16985185,16972319
Michigan,2015,1345009,19025996,17742903
Minnesota,2015,807044,11684249,11969872
Mississippi,2015,490189,4592343,4624539
Missouri,2015,892779,10623391,10540353
Montana,2015,144447,1804339,1804841
Nebraska,2015,312281,4248695,4283846
Nevada,2015,438948,4345419,4183085
New Hampshire,2015,183039,3093061,3044720
New Jersey,2015,1339230,29335237,28809725
New Mexico,2015,326297,3789651,3846641
New York,2015,2631532,63712218,65094591
North Carolina,2015,1465031,13146934,14060699
North Dakota,2015,106061,1644533,1804762
Ohio,2015,1600222,24378660,22561728
Oklahoma,2015,671715,6121188,6184819
Oregon,2015,570376,7111710,7011609
Pennsylvania,2015,1589429,29967185,29690645
Rhode Island,2015,134574,2367068,2326473
South Carolina,2015,737401,8759944,8783362
South Dakota,2015,132836,1415149,1464781
Tennessee,2015,994530,9455920,9562527
Texas,2015,5004866,55582029,56255791
Utah,2015,573913,4705084,4537962
Vermont,2015,85184,1996795,1969415
Virginia,2015,1279867,15857524,16113212
Washington,2015,1072359,13709442,13630138
West Virginia,2015,279565,3478401,3466981
Wisconsin,2015,861813,11637376,11553677
Wyoming,2015,93867,1962874,1942406
Alabama,2016,734652,7498567,7708845
Alaska,2016,132477,2494691,2623014
Arizona,2016,938274,8503034,7987011
Arkansas,2016,479177,5401016,5434193
California,2016,6217031,89217262,85320133
Colorado,2016,880678,10123271,9878524
Connecticut,2016,499494,11419673,10826431
Delaware,2016,121225,2043577,2041952
District of Columbia,2016,48336,1329719,1322563
Florida,2016,2776933,28125598,27945116
Georgia,2016,1727085,19403453,19158388
Hawaii,2016,181995,3030519,2733094
Idaho,2016,274849,2266490,2100980
Illinois,2016,2030717,32908958,33037244
Indiana,2016,1002696,12732161,11535287
Iowa,2016,508014,6919477,6972412
Kansas,2016,495545,6069563,6134836
Kentucky,2016,686440,7745928,7786281
Louisiana,2016,660561,8397136,8248660
Maine,2016,179879,2845391,2706103
Maryland,2016,879196,14409321,13992191
Massachusetts,2016,921029,17484704,17037880
Michigan,2016,1335713,19416061,18001445
Minnesota,2016,811157,12186135,12848946
Mississippi,2016,486245,4755399,4631356
Missouri,2016,891554,10893231,10719882
Montana,2016,145240,1800909,1879789
Nebraska,2016,315542,4398811,4640422
Nevada,2016,441623,4482886,4374249
New Hampshire,2016,179682,3150473,3124778
New Jersey,2016,1364473,30012666,29665476
New Mexico,2016,319861,3765069,3729397
New York,2016,2590945,66912661,68282026
North Carolina,2016,1462036,13448045,14207389
North Dakota,2016,108384,1788749,1963630
Ohio,2016,1595024,23766529,23352516
Oklahoma,2016,672777,6103728,6184152
Oregon,2016,574252,7418055,7501954
Pennsylvania,2016,1572593,31077289,30925177
Rhode Island,2016,133856,2401541,2358654
South Carolina,2016,743320,9161667,9187299
South Dakota,2016,134045,1455737,1475864
Tennessee,2016,999265,9585331,9680512
Texas,2016,5053291,58284155,59314884
Utah,2016,580215,4952923,4923657
Vermont,2016,87974,2112365,2082696
Virginia,2016,1283493,16259274,16497520
Washington,2016,1083973,14964364,15253296
West Virginia,2016,276764,3391579,3366566
Wisconsin,2016,857736,11697466,11787535
Wyoming,2016,94511,2044669,2034229
