"year","state_abbr","state","population","violent_crime","homicide","rape_legacy","robbery","aggravated_assault","property_crime","burglary","larceny","motor_vehicle_theft","income","attainment rate"
2008,"USA","United States",304059724,1394461,16465,90750,443563,843683,9774152,2228887,6586206,959059,"50,303",37.83945646
2008,"AK","Alaska",686293,4475,27,447,645,3356,20090,3237,15225,1628,"63,989",36.34344969
2008,"AL","Alabama",4661900,21110,351,1618,7346,11795,190416,50411,126539,13466,"44,476",31.59514408
2008,"AR","Arkansas",2855390,14649,165,1463,2777,10244,110360,33912,69905,6543,"39,586",26.51502359
2008,"AZ","Arizona",6500180,31567,462,2200,9809,19096,266653,58606,169460,38587,"46,914",34.35161359
2008,"CA","California",36756666,185329,2142,8903,69388,104896,1080996,237811,650656,192529,"57,014",38.57988594
2008,"CO","Colorado",4939456,17480,165,2151,3404,11760,139340,28054,97937,13349,"60,943",45.34356529
2008,"CT","Connecticut",3501252,10737,132,680,4043,5882,87210,15107,63212,8891,"64,682",46.57363728
2008,"DC","District of Columbia",591833,8509,186,186,4430,3707,30211,3788,19958,6465,"55,590",54.25251004
2008,"DE","Delaware",873092,6187,57,371,1847,3912,31385,6783,22045,2557,"50,702",37.04270839
2008,"FL","Florida",18328340,126256,1168,5972,36268,82848,758889,188472,506902,63515,"44,857",36.78280856
2008,"GA","Georgia",9685744,47353,640,2334,17808,26571,387917,100564,247709,39644,"46,227",36.17883588
2008,"HI","Hawaii",1288198,3510,26,363,1085,2036,45944,9404,31424,5116,"61,521",42.30059352
2008,"IA","Iowa",3002555,8651,77,937,1249,6388,73273,16598,52299,4376,"50,142",38.80584768
2008,"ID","Idaho",1523816,3680,23,579,239,2839,31940,6748,23532,1660,"47,420",34.84184326
2008,"IL","Illinois",12901563,67780,790,4118,24054,38818,378355,78968,266815,32572,"53,254",40.80269829
2008,"IN","Indiana",6376792,21525,322,1711,7580,11912,213639,48805,147334,17500,"46,520",33.37142908
2008,"KS","Kansas",2802134,11554,113,1226,1681,8534,94882,19651,67826,7405,"47,877",40.53304029
2008,"KY","Kentucky",4269245,12690,201,1457,4080,6952,114492,29556,77279,7657,"41,148",29.18277239
2008,"LA","Louisiana",4410796,29613,544,1250,6241,21578,171179,45524,112091,13564,"39,563",26.96655692
2008,"MA","Massachusetts",6497967,30137,166,1751,7077,21143,155919,36251,106913,12755,"60,320",49.60953967
2008,"MD","Maryland",5633597,35393,493,1127,13203,20570,198165,38849,133983,25333,"63,711",43.86954885
2008,"ME","Maine",1316456,1572,31,379,333,829,32433,6559,24695,1179,"47,228",36.81975902
2008,"MI","Michigan",10003422,51512,554,4507,13246,33205,295100,74787,184558,35755,"49,788",35.6484175
2008,"MN","Minnesota",5220393,13853,110,1805,4179,7759,149517,26558,112764,10195,"54,925",45.04982247
2008,"MO","Missouri",5911605,29701,456,1612,7395,20238,216522,45763,150002,20757,"46,038",34.89582162
2008,"MS","Mississippi",2938618,8942,236,958,3079,4669,85488,25506,53730,6252,"36,446",29.28087923
2008,"MT","Montana",967440,3013,40,358,204,2411,26300,3689,20834,1777,"42,900",37.64964784
2008,"NC","North Carolina",9222414,43125,599,2296,14323,25907,372763,111556,234480,26727,"42,930",36.94301085
2008,"ND","North Dakota",641481,1441,11,331,73,1026,13029,2336,9782,911,"49,631",45.15158877
2008,"NE","Nebraska",1783432,5570,69,601,1297,3603,51350,8731,38394,4225,"50,728",40.45729834
2008,"NH","New Hampshire",1315809,2054,14,385,421,1234,28387,4266,22714,1407,"66,176",46.0186626
2008,"NJ","New Jersey",8682661,28351,376,1122,12701,14152,199127,40402,138545,20180,"65,306",44.62177871
2008,"NM","New Mexico",1984356,12967,161,1118,2151,9537,75718,20706,46995,8017,"42,102",33.40893749
2008,"NV","Nevada",2600167,18973,165,1106,6486,11216,90006,24254,49814,15938,"54,744",30.07179958
2008,"NY","New York",19490297,77546,836,2798,31787,42125,388599,65544,297962,25093,"50,461",43.74698473
2008,"OH","Ohio",11485910,40436,547,4531,18706,16652,391667,102428,260788,28451,"46,934",34.86692832
2008,"OK","Oklahoma",3642361,19359,215,1471,3698,13975,126535,35247,80265,11023,"46,111",31.31177141
2008,"OR","Oregon",3790060,9909,87,1183,2656,5983,125169,21115,92677,11377,"51,727",38.56375101
2008,"PA","Pennsylvania",12448279,51044,705,3485,18873,27981,300294,58687,219115,22492,"51,402",37.92836812
2008,"RI","Rhode Island",1050788,2656,31,282,880,1463,29895,5766,20926,3203,"53,241",41.39298233
2008,"SC","South Carolina",4479800,32746,307,1686,6595,24158,189950,45964,126316,17670,"42,155",34.43712472
2008,"SD","South Dakota",804194,2227,37,562,134,1494,13867,2683,10266,918,"51,600",39.36401624
2008,"TN","Tennessee",6214888,44913,412,2078,10804,31619,251089,65093,166793,19203,"39,702",31.26716496
2008,"TX","Texas",24326974,123585,1370,8055,37739,76421,969865,230046,654435,85384,"46,490",33.27211217
2008,"UT","Utah",2736424,6165,41,915,1421,3788,92373,14766,70299,7308,"62,537",40.24782434
2008,"VA","Virginia",7769089,20031,370,1794,7470,10397,196726,32188,151191,13347,"61,985",43.42929598
2008,"VT","Vermont",621270,854,17,133,93,611,15903,3515,11802,586,"50,706",43.58427789
2008,"WA","Washington",6549224,21888,193,2653,6419,12623,249283,53136,167013,29134,"56,631",42.01641278
2008,"WI","Wisconsin",5627967,15507,146,1128,5163,9070,155456,27459,116456,11541,"51,200",37.99441652
2008,"WV","West Virginia",1814468,5006,67,389,896,3654,45971,10840,31967,3164,"37,994",25.57662533
2008,"WY","Wyoming",532668,1330,12,185,87,1046,14515,2198,11584,733,"53,337",35.99127356
2009,"USA","United States",307006550,1325896,15399,89241,408742,812514,9337060,2203313,6338095,795652,"49,777",38.06573662
2009,"AK","Alaska",698473,4424,22,513,654,3235,20538,3600,15251,1687,"61,604",35.05662716
2009,"AL","Alabama",4708708,21194,322,1504,6265,13103,178007,48844,118072,11091,"39,980",31.65582731
2009,"AR","Arkansas",2889450,14905,179,1378,2576,10772,109078,34753,68228,6097,"36,538",26.99975592
2009,"AZ","Arizona",6595778,28128,380,2279,8199,17270,236721,54308,155976,26437,"45,739",34.75711828
2009,"CA","California",36961664,174934,1972,8713,64093,100156,1009433,230198,615402,163833,"56,134",38.71533801
2009,"CO","Colorado",5024748,17022,159,2269,3371,11223,134196,26637,95079,12480,"55,930",45.82570947
2009,"CT","Connecticut",3518288,10588,106,657,4001,5824,82625,15172,59992,7461,"64,851",46.35168198
2009,"DC","District of Columbia",599657,8089,145,150,4404,3390,28495,3696,19267,5532,"53,141",53.61646485
2009,"DE","Delaware",885122,5713,41,395,1680,3597,29685,6943,20836,1906,"52,114",38.55481759
2009,"FL","Florida",18537969,113541,1017,5501,30911,76112,712010,181884,479867,50259,"45,631",36.39822582
2009,"GA","Georgia",9829211,42073,566,2323,14631,24553,360985,98606,229216,33163,"43,340",36.15208851
2009,"HI","Hawaii",1295178,3550,23,385,1030,2112,47516,9244,33415,4857,"55,649",42.88889369
2009,"IA","Iowa",3007856,8485,38,890,1201,6356,70080,16419,49757,3904,"50,721",40.10439718
2009,"ID","Idaho",1545801,3805,24,575,254,2952,31220,6682,23066,1472,"46,778",34.27474052
2009,"IL","Illinois",12910409,64185,773,3901,22923,36588,353347,77850,248821,26676,"52,870",41.40412255
2009,"IN","Indiana",6423113,21455,312,1621,7347,12175,199907,48880,137190,13837,"44,305",32.97842091
2009,"KS","Kansas",2818747,11460,125,1179,1786,8370,90930,19473,65499,5958,"44,717",39.97989792
2009,"KY","Kentucky",4314113,11000,184,1531,3642,5643,108914,29880,72938,6096,"42,664",30.44505004
2009,"LA","Louisiana",4492076,28878,529,1351,6150,20848,172619,46928,114102,11589,"45,433",28.09479525
2009,"MA","Massachusetts",6593587,30503,173,1734,7467,21129,153178,34515,106799,11864,"59,373",50.19783472
2009,"MD","Maryland",5699478,33625,440,1156,12007,20022,182295,36905,125771,19619,"64,186",44.39865014
2009,"ME","Maine",1318301,1580,26,375,399,780,31706,6729,23955,1022,"47,502",38.55963741
2009,"MI","Michigan",9969727,49825,623,4524,12427,32251,284019,76046,178628,29345,"45,994",35.76906542
2009,"MN","Minnesota",5266214,12874,74,1789,3619,7392,139286,25580,105160,8546,"56,090",45.22317912
2009,"MO","Missouri",5987580,29513,387,1606,7437,20083,201783,43591,140764,17428,"48,769",34.90915103
2009,"MS","Mississippi",2951996,8451,194,991,2969,4297,87327,29559,52329,5439,"35,078",28.86816442
2009,"MT","Montana",974989,2798,32,357,228,2181,24826,3686,19528,1612,"40,437",38.26286872
2009,"NC","North Carolina",9380884,37946,489,2306,11825,23326,343707,107830,215923,19954,"41,906",37.94052028
2009,"ND","North Dakota",646844,1723,12,296,107,1308,12813,2426,9474,913,"50,075",43.67134496
2009,"NE","Nebraska",1796619,5199,41,617,1220,3321,49731,8726,37496,3509,"49,595",41.22235929
2009,"NH","New Hampshire",1324575,2125,11,399,454,1261,28790,4915,22748,1127,"64,131",44.64006384
2009,"NJ","New Jersey",8707739,27113,319,1041,11639,14114,180752,36945,128303,15504,"64,777",44.5265434
2009,"NM","New Mexico",2009671,12709,198,1069,1932,9510,74639,21955,46182,6502,"43,542",33.88314905
2009,"NV","Nevada",2643085,18639,156,1024,6028,11431,80976,22115,46463,12398,"51,434",30.36806816
2009,"NY","New York",19541453,75110,781,2582,28141,43606,377537,62769,292897,21871,"50,216",44.578078
2009,"OH","Ohio",11542645,38305,527,4119,17670,15989,376446,104009,249777,22660,"45,879",34.72442687
2009,"OK","Oklahoma",3687050,18560,234,1535,3358,13433,132350,38071,83813,10466,"45,878",31.74231206
2009,"OR","Oregon",3825657,9968,88,1202,2499,6179,114780,19739,85064,9977,"49,098",39.75349373
2009,"PA","Pennsylvania",12604767,48188,664,3626,17504,26394,277182,54772,204588,17822,"48,172",37.82671043
2009,"RI","Rhode Island",1053209,2678,32,296,785,1565,27558,5753,19403,2402,"51,634",42.60395437
2009,"SC","South Carolina",4561242,30799,305,1663,5753,23078,178310,45443,119250,13617,"41,101",34.86215485
2009,"SD","South Dakota",812383,1777,30,501,117,1129,14378,2621,10891,866,"45,826",38.56171876
2009,"TN","Tennessee",6296254,41933,468,2019,9653,29793,237157,63832,158309,15016,"40,517",31.83829824
2009,"TX","Texas",24782302,121684,1330,8311,38022,74021,995082,240058,678455,76569,"47,475",33.19373497
2009,"UT","Utah",2784572,5998,39,941,1304,3714,91751,15258,69556,6937,"58,491",39.22891227
2009,"VA","Virginia",7882590,18195,370,1572,6342,9911,194020,31956,150374,11690,"60,501",43.36029379
2009,"VT","Vermont",621760,837,8,132,111,586,15010,3471,11090,449,"52,318",44.16014754
2009,"WA","Washington",6664195,22412,190,2583,6711,12928,245215,53047,168421,23747,"60,392",42.321208
2009,"WI","Wisconsin",5654774,14650,146,1118,4904,8482,147692,26813,111947,8932,"51,237",38.2111413
2009,"WV","West Virginia",1819777,5554,84,470,914,4086,46215,12005,31453,2757,"40,490",26.39663074
2009,"WY","Wyoming",544270,1196,11,172,78,935,14243,2176,11310,757,"52,470",34.85485499
2010,"USA","United States",309330219,1251248,14722,85593,369089,781844,9112625,2168459,6204601,739565,"49,276",38.2820515
2010,"AK","Alaska",714146,4537,31,533,594,3379,20259,3105,15535,1619,"57,848",37.27916262
2010,"AL","Alabama",4785401,18363,275,1355,4864,11869,168828,42484,115564,10780,"40,933",31.46104307
2010,"AR","Arkansas",2921588,14711,134,1321,2369,10887,103820,32463,65796,5561,"38,587",27.92355605
2010,"AZ","Arizona",6413158,26528,408,2191,6953,16976,226802,50932,154137,21733,"46,896",35.10941689
2010,"CA","California",37338198,164133,1809,8331,58116,95877,981939,228857,600558,152524,"54,283",38.78140713
2010,"CO","Colorado",5047692,16339,129,2230,3164,10816,135001,26196,97534,11271,"60,233",45.98093867
2010,"CT","Connecticut",3575498,10083,133,595,3553,5802,78259,15145,56413,6701,"65,998",45.83907425
2010,"DC","District of Columbia",604912,8026,132,187,4325,3382,28802,4233,19514,5055,"56,928",56.50221505
2010,"DE","Delaware",899792,5608,51,326,1839,3392,31078,7550,21593,1935,"55,214",37.43361574
2010,"FL","Florida",18838613,101969,987,5373,26086,69523,669035,169119,458454,41462,"44,066",36.49537229
2010,"GA","Georgia",9712157,39068,555,2107,12372,24034,353449,96947,226161,30341,"44,117",36.11967184
2010,"HI","Hawaii",1363359,3603,25,377,1065,2136,45667,8706,31681,5280,"59,539",41.62241596
2010,"IA","Iowa",3050202,8191,38,883,1012,6258,68740,16746,48194,3800,"49,016",39.68346614
2010,"ID","Idaho",1571102,3464,22,533,213,2696,31436,6513,23594,1329,"47,050",34.73023611
2010,"IL","Illinois",12841980,57132,704,3066,20386,32976,349064,77472,242681,28911,"50,728",41.30366052
2010,"IN","Indiana",6490622,20983,268,1760,6559,12396,199274,48570,137204,13500,"46,139",33.24119148
2010,"KS","Kansas",2859143,10602,97,1146,1538,7821,89109,19315,63774,6020,"46,054",40.49728867
2010,"KY","Kentucky",4347223,10604,188,1438,3748,5230,111170,30443,74488,6239,"41,104",30.03756368
2010,"LA","Louisiana",4545343,25241,500,1230,5297,18214,165667,45437,110260,9970,"39,300",28.22922176
2010,"MA","Massachusetts",6555466,30737,214,1784,6897,21842,154496,37903,105124,11469,"60,934",50.53735354
2010,"MD","Maryland",5785681,31607,426,1228,11054,18899,173309,36704,118578,18027,"64,201",44.67900135
2010,"ME","Maine",1327379,1621,24,389,412,796,32900,7364,24547,989,"47,931",38.75280237
2010,"MI","Michigan",9877143,48693,580,4733,11522,31858,271501,74345,169748,27408,"46,276",36.37950263
2010,"MN","Minnesota",5310658,12515,96,1798,3388,7233,136431,24415,103429,8587,"52,321",45.78697418
2010,"MO","Missouri",5995715,27440,420,1445,6185,19390,200858,44197,140526,16135,"45,817",35.82338945
2010,"MS","Mississippi",2970072,7999,204,931,2777,4087,88596,30453,52784,5359,"38,160",29.85923176
2010,"MT","Montana",990958,2733,25,332,154,2222,25409,3692,20166,1551,"41,280",39.96380301
2010,"NC","North Carolina",9560234,34679,474,2002,9620,22583,329202,102826,208057,18319,"43,830",37.64394202
2010,"ND","North Dakota",674629,1548,10,245,90,1203,12010,2000,9137,873,"51,006",44.94231176
2010,"NE","Nebraska",1830141,5093,54,674,1020,3345,48827,8318,36896,3613,"52,504",41.99080392
2010,"NH","New Hampshire",1316807,2204,13,411,450,1330,29230,5444,22789,997,"66,633",45.84593452
2010,"NJ","New Jersey",8799593,27055,371,981,11818,13885,183042,38732,128754,15556,"62,968",45.29824426
2010,"NM","New Mexico",2065913,12147,140,959,1616,9432,70776,21023,44503,5250,"45,134",33.08416405
2010,"NV","Nevada",2704283,17929,158,965,5298,11508,75004,22286,42533,10185,"51,200",29.45657027
2010,"NY","New York",19395206,76492,868,2797,28630,44197,379710,65839,293232,20639,"49,781",44.14718416
2010,"OH","Ohio",11537968,36306,479,3730,16486,15611,376836,107125,248581,21130,"45,886",35.78929597
2010,"OK","Oklahoma",3760184,18100,195,1469,3345,13091,129464,37848,81303,10313,"43,103",31.72864727
2010,"OR","Oregon",3838332,9648,96,1239,2421,5892,116657,20035,87494,9128,"50,602",38.5544086
2010,"PA","Pennsylvania",12717722,46612,653,3472,16375,26112,276366,55206,204440,16720,"48,314",38.57736596
2010,"RI","Rhode Island",1052528,2709,29,298,782,1600,26959,6124,18432,2403,"51,623",41.21883269
2010,"SC","South Carolina",4637106,27923,265,1551,5017,21090,181098,46261,121544,13293,"41,698",34.809486
2010,"SD","South Dakota",816598,2196,23,385,154,1634,15188,3192,11196,800,"45,352",40.76584184
2010,"TN","Tennessee",6357436,38909,359,2173,8361,28016,232855,64293,153729,14833,"38,591",31.85587215
2010,"TX","Texas",25253466,113231,1249,7622,32843,71517,951246,228597,654626,68023,"47,266",33.65564325
2010,"UT","Utah",2775479,5925,53,983,1269,3620,88316,15095,67242,5979,"56,701",39.74523697
2010,"VA","Virginia",8023953,17184,376,1580,5678,9550,187403,30804,145990,10609,"60,367",43.85009356
2010,"VT","Vermont",625909,820,7,141,76,596,14160,3348,10373,439,"55,928",44.08097442
2010,"WA","Washington",6742950,21138,154,2579,5929,12476,249426,55192,168490,25744,"56,163",42.50297732
2010,"WI","Wisconsin",5691659,14167,155,1191,4516,8305,142781,26636,107993,8152,"50,351",39.06981132
2010,"WV","West Virginia",1854368,5586,58,362,776,4390,41301,10778,28104,2419,"42,777",26.08285373
2010,"WY","Wyoming",564554,1117,8,162,77,870,13869,2151,11126,592,"52,201",37.34643326
2011,"USA","United States",311587816,1206031,14661,84175,354772,752423,9052743,2185140,6151095,716508,"50,054",38.7056373
2011,"AK","Alaska",723860,4416,30,436,576,3374,19094,2852,14854,1388,"57,431",34.41950338
2011,"AL","Alabama",4803689,20166,299,1370,4906,13591,173192,51119,111411,10662,"42,590",31.90540343
2011,"AR","Arkansas",2938582,14173,160,1230,2357,10426,110430,34016,70645,5769,"41,302",28.18071273
2011,"AZ","Arizona",6467315,26789,397,2499,7145,16748,229896,54695,155400,19801,"48,621",35.76374591
2011,"CA","California",37683933,154943,1792,7665,54291,91195,973822,230075,596905,146842,"53,367",38.90135893
2011,"CO","Colorado",5116302,16085,155,2285,3299,10346,132781,25725,96054,11002,"58,629",46.98424113
2011,"CT","Connecticut",3586717,9889,129,689,3689,5382,77205,15468,55067,6670,"65,415",46.4027839
2011,"DC","District of Columbia",619020,7433,108,173,4094,3058,29654,3850,21347,4457,"55,251",57.98595906
2011,"DE","Delaware",908137,5144,48,307,1558,3231,31163,7617,22001,1545,"54,660",37.59555582
2011,"FL","Florida",19082262,98198,984,5273,25622,66319,671200,170171,461408,39621,"45,105",36.95783466
2011,"GA","Georgia",9812460,36762,549,2066,12266,21881,357235,96014,231543,29678,"45,973",36.3662717
2011,"HI","Hawaii",1378129,3465,20,353,994,2098,43874,8165,31240,4469,"59,047",41.55083331
2011,"IA","Iowa",3064097,7883,44,866,824,6149,72043,17573,50472,3998,"50,219",41.14056562
2011,"ID","Idaho",1583744,3202,35,444,188,2535,32875,6915,24629,1331,"47,459",36.46644186
2011,"IL","Illinois",12859752,54523,781,3030,20217,30495,344468,77719,237362,29387,"50,637",41.7466299
2011,"IN","Indiana",6516353,21619,306,1758,6977,12578,206016,50571,140630,14815,"44,445",33.80980163
2011,"KS","Kansas",2870386,10209,111,1122,1448,7528,88655,18712,63259,6684,"46,147",40.67272733
2011,"KY","Kentucky",4366814,10465,151,1499,3705,5110,119037,32750,79586,6701,"39,856",30.76912835
2011,"LA","Louisiana",4574766,25373,506,1262,5235,18370,168529,46242,113174,9113,"40,658",27.86435311
2011,"MA","Massachusetts",6607003,28232,184,1654,6768,19626,148829,36403,101644,10782,"63,313",50.76663225
2011,"MD","Maryland",5839572,28817,399,1200,10342,16876,166846,35823,114951,16072,"68,876",45.42077039
2011,"ME","Maine",1328544,1638,26,394,370,848,33829,7865,24886,1078,"49,693",40.02625378
2011,"MI","Michigan",9876801,43731,617,4344,10263,28507,251329,69755,156666,24908,"48,879",36.84311024
2011,"MN","Minnesota",5347299,12323,75,2113,3385,6750,136183,25681,102354,8148,"57,820",46.5780542
2011,"MO","Missouri",6008984,26888,366,1469,6275,18778,199085,44875,138879,15331,"45,774",36.3512738
2011,"MS","Mississippi",2977457,8009,232,863,2496,4418,89809,30722,54179,4908,"41,090",30.27440133
2011,"MT","Montana",997667,2755,29,366,171,2189,23885,3347,19089,1449,"40,277",39.16438609
2011,"NC","North Carolina",9651103,33421,498,1959,9448,21516,337806,105534,215453,16819,"45,206",38.24108244
2011,"ND","North Dakota",684740,1699,24,266,91,1318,13334,2458,9891,985,"56,361",44.71716296
2011,"NE","Nebraska",1842234,4672,68,699,993,2912,50894,8725,38060,4109,"55,616",41.48650291
2011,"NH","New Hampshire",1317807,2864,16,581,509,1758,32756,6244,25398,1114,"65,880",45.77566038
2011,"NJ","New Jersey",8834773,27203,380,1006,12209,13608,189719,43238,129066,17415,"62,338",45.06403409
2011,"NM","New Mexico",2078674,11904,158,856,1720,9170,73549,21419,46730,5400,"41,982",33.90515988
2011,"NV","Nevada",2720028,15452,139,913,4308,10092,70075,20342,40156,9577,"47,043",29.95765707
2011,"NY","New York",19501616,77463,769,2751,28405,45538,371837,65227,287361,19249,"50,636",44.57864132
2011,"OH","Ohio",11541007,35218,500,3679,15991,15048,380572,112901,246744,20927,"44,648",35.50793736
2011,"OK","Oklahoma",3784163,17311,212,1410,3288,12401,127618,36462,80064,11092,"48,455",32.96285594
2011,"OR","Oregon",3868229,9643,84,1239,2237,6083,121869,20704,92059,9106,"51,526",39.00961593
2011,"PA","Pennsylvania",12743948,46189,639,3339,16165,26046,283442,57966,208604,16872,"49,910",38.56946795
2011,"RI","Rhode Island",1050646,2586,20,319,744,1503,27976,6836,18765,2375,"49,033",43.15981876
2011,"SC","South Carolina",4673348,27894,320,1678,4631,21265,183243,47351,122255,13637,"40,084",34.17085939
2011,"SD","South Dakota",823593,2105,20,503,167,1415,15299,2927,11423,949,"47,223",39.4242306
2011,"TN","Tennessee",6399787,38895,380,2095,8082,28338,230900,62830,153928,14142,"42,279",32.14821634
2011,"TX","Texas",25631778,104734,1130,7486,28620,67498,892810,215755,613131,63924,"49,047",34.4877136
2011,"UT","Utah",2814347,5547,50,901,1079,3517,84084,13170,64727,6187,"55,493",40.33594403
2011,"VA","Virginia",8104384,16014,304,1591,5425,8694,182902,30656,142476,9770,"62,616",44.95640136
2011,"VT","Vermont",626592,925,11,146,99,669,15086,3838,10720,528,"51,862",46.2272478
2011,"WA","Washington",6823267,20152,163,2320,5627,12042,244209,56561,162828,24820,"56,850",43.28768897
2011,"WI","Wisconsin",5709843,14268,138,1190,4600,8340,139912,27167,104472,8273,"52,058",39.55676554
2011,"WV","West Virginia",1854908,5497,87,372,802,4236,39009,10245,26656,2108,"41,821",27.79446882
2011,"WY","Wyoming",567356,1245,18,146,71,1010,12878,1864,10493,521,"54,509",36.15961578
2012,"USA","United States",313873685,1217057,14856,85141,355051,762009,9001992,2109932,6168874,723186,"51,017",39.38894426
2012,"AK","Alaska",730307,4412,30,583,630,3169,20037,2950,15565,1522,"63,648",37.02913224
2012,"AL","Alabama",4817528,21693,342,1296,5020,15035,168878,47481,111523,9874,"43,464",33.05444933
2012,"AR","Arkansas",2949828,13851,174,1233,2310,10134,109389,32673,70982,5734,"39,018",29.30201721
2012,"AZ","Arizona",6551149,28077,358,2282,7383,18054,231701,52911,159808,18982,"47,044",36.67619716
2012,"CA","California",37999878,160944,1884,7837,56521,94702,1049465,245767,635090,168608,"57,020",39.6946075
2012,"CO","Colorado",5189458,15951,152,2122,3392,10285,139355,26163,101091,12101,"57,255",47.46684123
2012,"CT","Connecticut",3591765,10183,117,933,3709,5424,77169,14787,55904,6478,"64,247",47.45544286
2012,"DC","District of Columbia",633427,7866,88,236,4037,3505,30757,3519,23575,3663,"65,246",59.15540081
2012,"DE","Delaware",917053,5048,56,249,1498,3245,30707,7389,21880,1438,"48,972",38.38141143
2012,"FL","Florida",19320749,94087,1009,5260,23889,63929,632988,153563,442095,37330,"46,071",38.08408672
2012,"GA","Georgia",9915646,37675,583,2143,12502,22447,339473,86992,223875,28606,"48,121",37.37309768
2012,"HI","Hawaii",1390090,3378,21,279,1125,1953,43419,7653,31901,3865,"56,263",42.6090977
2012,"IA","Iowa",3075039,8167,49,901,962,6255,70357,17201,49116,4040,"53,442",41.80952229
2012,"ID","Idaho",1595590,3348,30,495,243,2580,31825,7240,23203,1382,"47,922",36.07902174
2012,"IL","Illinois",12868192,53556,770,3581,19480,29725,332706,71100,235314,26292,"51,738",42.5212325
2012,"IN","Indiana",6537782,22544,307,1661,6601,13975,197994,47689,136668,13637,"46,158",34.39148741
2012,"KS","Kansas",2885398,10292,85,1105,1493,7609,91066,18874,65413,6779,"50,003",41.33383254
2012,"KY","Kentucky",4379730,9852,201,1312,3547,4792,112800,29877,76199,6724,"41,086",31.68803985
2012,"LA","Louisiana",4602134,22839,489,1155,5458,15737,162673,42037,112764,7872,"39,085",29.06613308
2012,"MA","Massachusetts",6645303,27047,121,1650,6555,18721,143325,34635,99453,9237,"63,656",50.45795141
2012,"MD","Maryland",5884868,28086,373,1237,10173,16303,162309,33803,113550,14956,"71,836",45.53911662
2012,"ME","Maine",1328501,1626,26,372,420,808,33398,7476,24931,991,"49,158",38.96114523
2012,"MI","Michigan",9882519,44962,701,4635,10423,29203,249249,65560,158609,25080,"50,015",37.40718891
2012,"MN","Minnesota",5379646,12419,99,1638,3475,7207,138152,25378,104316,8458,"61,795",47.67039822
2012,"MO","Missouri",6024522,27189,390,1527,5782,19490,199813,42510,140971,16332,"49,764",36.59924646
2012,"MS","Mississippi",2986450,7769,213,819,2277,4460,83933,28084,51520,4329,"36,641",31.0556146
2012,"MT","Montana",1005494,2803,29,392,202,2180,26102,3920,20484,1698,"45,088",39.83017314
2012,"NC","North Carolina",9748364,34464,479,1984,9392,22609,328594,99323,213151,16120,"41,553",38.44129209
2012,"ND","North Dakota",701345,1723,25,279,127,1292,14297,2429,10687,1181,"55,766",45.64747214
2012,"NE","Nebraska",1855350,4802,52,710,1128,2912,51203,8745,38301,4157,"52,196",42.95342002
2012,"NH","New Hampshire",1321617,2841,15,486,471,1869,32074,5988,25024,1062,"67,819",46.68759111
2012,"NJ","New Jersey",8867749,25727,388,1035,11385,12919,181481,42338,122662,16481,"66,692",45.81716169
2012,"NM","New Mexico",2083540,11660,116,957,1847,8740,75094,21384,48247,5463,"43,424",35.09012524
2012,"NV","Nevada",2754354,16763,124,931,4918,10790,77510,22120,45372,10018,"47,333",30.06138449
2012,"NY","New York",19576125,79535,683,2837,28633,47382,375268,64389,293562,17317,"47,680",45.09701146
2012,"OH","Ohio",11553031,34827,478,3813,15396,15140,370435,105312,245372,19751,"44,375",36.54268377
2012,"OK","Oklahoma",3815780,18102,220,1622,3248,13012,130969,36094,83131,11744,"48,407",32.90298645
2012,"OR","Oregon",3899801,9638,91,1159,2419,5969,126417,22051,94114,10252,"51,775",39.80304094
2012,"PA","Pennsylvania",12764475,45384,707,3371,15735,25571,276562,57040,204409,15113,"51,904",39.66533356
2012,"RI","Rhode Island",1050304,2657,26,292,715,1614,27039,5929,18478,2632,"56,065",43.21794719
2012,"SC","South Carolina",4723417,26474,332,1712,4511,19919,181049,45222,122340,13487,"44,401",36.05285651
2012,"SD","South Dakota",834047,2701,23,600,157,1921,17326,3280,12973,1073,"49,415",39.59475425
2012,"TN","Tennessee",6454914,41213,400,2047,8151,30615,217925,56231,148731,12963,"42,995",33.26491502
2012,"TX","Texas",26060796,106475,1148,7715,30385,67227,876459,205002,606425,65032,"51,926",34.5564711
2012,"UT","Utah",2854871,5939,52,975,1105,3807,86284,13095,67157,6032,"58,341",41.41127881
2012,"VA","Virginia",8186628,15676,322,1505,4718,9131,178434,29651,139654,9129,"64,632",45.25046296
2012,"VT","Vermont",625953,891,8,131,114,638,15653,4179,11014,460,"55,582",46.97095337
2012,"WA","Washington",6895318,20553,217,2250,5801,12285,254377,61376,166338,26663,"62,187",42.76500632
2012,"WI","Wisconsin",5724554,16254,169,1228,4692,10165,140780,27931,104619,8230,"53,079",40.86877174
2012,"WV","West Virginia",1856680,5943,70,415,835,4623,44500,11466,30800,2234,"43,553",27.75391662
2012,"WY","Wyoming",576626,1161,14,154,61,932,13222,2125,10513,584,"57,512",37.02352464
2013,"USA","United States",316497531,1168298,14319,82109,345093,726777,8651892,1932139,6019465,700288,"51,939",39.94397742
2013,"AK","Alaska",737259,4709,34,657,623,3127,21211,2917,16599,1695,"61,137",36.46741799
2013,"AL","Alabama",4833996,20834,346,1449,4645,13788,161835,42410,108862,10563,"41,381",33.63876243
2013,"AR","Arkansas",2958765,13705,158,1135,2261,9796,106477,30369,70430,5678,"39,919",28.78097044
2013,"AZ","Arizona",6634997,27576,355,2344,6656,17391,223294,48292,158036,16966,"50,602",36.8861156
2013,"CA","California",38431393,154739,1746,7464,53640,89029,1018907,232058,621557,165292,"57,528",39.6157268
2013,"CO","Colorado",5272086,16099,174,2198,3136,9826,139974,25075,102375,12524,"63,371",47.58703541
2013,"CT","Connecticut",3599341,9439,91,647,3551,4906,71274,12934,52099,6241,"67,781",47.80480516
2013,"DC","District of Columbia",649111,8415,103,297,4082,3835,31097,3316,24547,3234,"60,675",61.23365334
2013,"DE","Delaware",925240,4633,41,278,1233,2960,29001,6299,21347,1355,"52,219",39.87862092
2013,"FL","Florida",19600311,91993,972,4765,23200,61054,607170,138915,433344,34911,"47,886",38.59030799
2013,"GA","Georgia",9994759,37519,563,2022,12704,21361,339808,83459,229190,27159,"47,439",37.54925542
2013,"HI","Hawaii",1408987,3585,32,366,934,2111,45266,7777,32928,4561,"61,408",44.25969356
2013,"IA","Iowa",3092341,8443,41,873,937,6332,67976,15918,47803,4255,"54,855",41.76222154
2013,"ID","Idaho",1612843,3471,29,516,220,2548,30230,6693,21999,1538,"51,767",36.92554601
2013,"IL","Illinois",12890552,51956,722,3895,17733,28161,296048,59093,216059,20896,"57,196",42.97655079
2013,"IN","Indiana",6570713,23627,357,1623,7114,13915,187472,42754,130534,14184,"50,553",34.72730382
2013,"KS","Kansas",2895801,9928,117,1003,1339,7177,85704,17476,61557,6671,"51,485",41.78172443
2013,"KY","Kentucky",4399583,9280,172,951,3247,4215,104448,26331,72048,6069,"42,158",32.92469133
2013,"LA","Louisiana",4629284,24127,494,1248,5539,16331,165679,41214,115300,9165,"39,622",29.56526216
2013,"MA","Massachusetts",6708874,27264,138,1722,6705,18118,137274,30716,97437,9121,"62,963",51.45934736
2013,"MD","Maryland",5938737,28235,384,1179,10048,16124,157918,31950,112551,13417,"65,262",45.95003834
2013,"ME","Maine",1328702,1761,24,366,335,907,30454,6480,23063,911,"50,121",39.9081866
2013,"MI","Michigan",9898193,44757,625,4506,10093,27254,230135,56256,149794,24085,"48,801",38.37759804
2013,"MN","Minnesota",5422060,12710,114,1453,3674,6908,131193,22713,100514,7966,"60,907",48.06859353
2013,"MO","Missouri",6044917,26216,369,1679,5486,18056,189655,38797,134514,16344,"50,311",37.61743272
2013,"MS","Mississippi",2992206,8303,217,726,2413,4649,81548,24969,52192,4387,"40,850",30.52240769
2013,"MT","Montana",1014864,2924,23,382,217,2217,26195,4122,20192,1881,"44,132",39.03688114
2013,"NC","North Carolina",9848917,33587,463,1790,9275,21325,305631,90182,201043,14406,"41,208",39.6630742
2013,"ND","North Dakota",723857,1979,16,288,161,1447,15356,2979,10942,1435,"52,888",45.81906287
2013,"NE","Nebraska",1868969,4949,56,621,1035,3011,49197,8945,35791,4461,"53,774",43.20004629
2013,"NH","New Hampshire",1322616,2952,21,522,645,1708,30409,5283,24188,938,"71,322",46.44003392
2013,"NJ","New Jersey",8911502,25748,404,861,12084,12071,167634,35883,118005,13746,"61,782",46.49080503
2013,"NM","New Mexico",2086895,12990,123,1135,1832,9470,78958,21828,51146,5984,"42,127",34.86070301
2013,"NV","Nevada",2791494,16888,163,1090,5183,10060,79177,23047,46132,9998,"45,369",31.09590014
2013,"NY","New York",19695680,77563,644,2575,27241,46130,358603,56444,286676,15483,"53,843",45.99895349
2013,"OH","Ohio",11572005,33722,478,3594,14483,14370,338414,91090,227799,19525,"46,398",37.48914433
2013,"OK","Oklahoma",3853118,17187,198,1715,3023,11652,126418,33512,81624,11282,"43,777",32.67489061
2013,"OR","Oregon",3928068,9536,82,1000,2394,5596,125083,20808,94363,9912,"56,307",40.45684411
2013,"PA","Pennsylvania",12781296,42825,611,2728,14739,23680,263176,52000,197410,13766,"53,952",40.5095261
2013,"RI","Rhode Island",1053354,2710,31,333,683,1547,25741,5621,17881,2239,"57,812",43.7613536
2013,"SC","South Carolina",4771929,24263,305,1739,3965,17760,173261,40930,119730,12601,"43,749",36.78435903
2013,"SD","South Dakota",845510,2733,18,454,156,2052,16274,3383,11955,936,"54,453",41.8514454
2013,"TN","Tennessee",6497269,38063,335,1904,7333,27895,207683,51334,144443,11906,"42,499",33.84524737
2013,"TX","Texas",26505637,108757,1140,7610,31810,65351,862289,191062,605440,65787,"53,027",35.41371063
2013,"UT","Utah",2902787,6644,51,926,1247,3824,88334,13727,67115,7492,"62,967",41.59546726
2013,"VA","Virginia",8270345,16355,320,1476,4574,9111,171558,26717,136215,8626,"67,620",46.11666553
2013,"VT","Vermont",626855,775,10,113,75,554,13882,3352,10193,337,"54,842",45.53244822
2013,"WA","Washington",6973742,20223,167,2072,5829,11623,259139,58487,172227,28425,"60,106",43.79118471
2013,"WI","Wisconsin",5742953,16118,163,1308,4834,9285,125694,24358,93946,7390,"55,258",41.06805592
2013,"WV","West Virginia",1853595,5657,62,367,653,4242,39929,9908,28055,1966,"40,241",28.40622087
2013,"WY","Wyoming",583223,1212,17,144,74,917,12809,1956,10275,578,"55,700",39.44934064
2014,"USA","United States",318907401,1153022,14164,84864,322905,731089,8209010,1713153,5809054,686803,"53,657",45.3106221
2014,"AK","Alaska",737046,4684,41,553,629,3243,20334,3150,15445,1739,"67,629",43.3258697
2014,"AL","Alabama",4846411,20727,276,1425,4702,13744,154087,39723,104223,10141,"42,278",36.65169421
2014,"AR","Arkansas",2966835,14248,175,1291,2037,10220,99452,24816,69001,5635,"44,922",38.76569141
2014,"AZ","Arizona",6728783,26422,311,2356,6225,16614,213406,43412,152683,17311,"49,254",48.79086035
2014,"CA","California",38792291,153763,1700,8389,48681,91804,947193,202669,592673,151851,"60,487",47.21223178
2014,"CO","Colorado",5355588,16487,150,2236,3037,10211,135789,23502,99688,12599,"60,940",54.15967277
2014,"CT","Connecticut",3594762,8575,89,579,3172,4520,69326,12017,51195,6114,"70,161",53.21253568
2014,"DC","District of Columbia",659836,8199,105,349,3497,4125,34147,3466,26898,3783,"68,277",64.61864045
2014,"DE","Delaware",935968,4568,50,274,1271,2857,27915,5765,20885,1265,"57,522",43.73931736
2014,"FL","Florida",19905569,91345,982,5038,21621,61610,583774,121379,426197,36198,"46,140",45.8549363
2014,"GA","Georgia",10097132,38955,607,2209,12786,22415,339146,78029,233359,27758,"49,555",46.03621861
2014,"HI","Hawaii",1420257,3362,20,388,952,1842,46022,7470,33003,5549,"71,223",45.48896554
2014,"IA","Iowa",3109481,8484,60,829,1047,6227,65100,14363,46594,4143,"57,810",47.2723366
2014,"ID","Idaho",1634806,3439,32,463,203,2559,30440,6466,22297,1677,"53,438",37.71056536
2014,"IL","Illinois",12882189,47775,690,3182,15271,27485,269647,50759,201003,17885,"54,916",49.6119717
2014,"IN","Indiana",6597880,24105,333,1608,6894,14681,174909,36909,124144,13856,"48,060",40.87302605
2014,"KS","Kansas",2902507,10235,92,1066,1361,7299,80029,15921,57169,6939,"53,444",49.25656221
2014,"KY","Kentucky",4412617,9495,164,1098,3343,4432,99909,23426,70108,6375,"42,786",42.45390658
2014,"LA","Louisiana",4648990,23983,476,981,5725,16400,161192,38541,113251,9400,"42,406",44.66164482
2014,"MA","Massachusetts",6755124,26689,133,1625,6077,18277,125481,24951,92226,8304,"63,151",55.39564205
2014,"MD","Maryland",5975346,26767,362,1144,9565,15208,150390,28134,109140,13116,"76,165",49.90632288
2014,"ME","Maine",1330256,1698,21,346,304,889,26427,5035,20591,801,"51,710",43.31783389
2014,"MI","Michigan",9916306,42555,544,4500,8037,27610,202692,44328,137142,21222,"52,005",43.27081258
2014,"MN","Minnesota",5457125,12505,88,1448,3687,6729,125377,20773,96237,8367,"67,244",52.93137577
2014,"MO","Missouri",6063827,26882,404,1728,5592,18483,176436,35293,124769,16374,"56,630",42.11490879
2014,"MS","Mississippi",2993443,8331,259,768,2405,4585,86887,23898,58515,4474,"35,521",36.36168707
2014,"MT","Montana",1023252,3361,38,396,202,2563,25525,3639,19826,2060,"51,102",41.6199712
2014,"NC","North Carolina",9940387,32718,498,1738,8411,21377,285498,79266,192609,13623,"46,784",45.28258795
2014,"ND","North Dakota",740040,2001,23,275,175,1421,15857,2751,11559,1547,"60,730",47.19751664
2014,"NE","Nebraska",1882980,5201,53,645,1044,3226,47526,7936,35063,4527,"56,870",46.99249914
2014,"NH","New Hampshire",1327996,2625,16,438,544,1469,26098,4191,21051,856,"73,397",49.16058721
2014,"NJ","New Jersey",8938844,23319,352,953,10499,11188,154945,31707,111534,11704,"65,243",50.12083502
2014,"NM","New Mexico",2085567,12465,101,1070,2086,8797,73877,18505,49082,6290,"46,686",43.56309153
2014,"NV","Nevada",2838281,18043,170,987,5954,10562,74574,21924,42466,10184,"49,875",35.27845465
2014,"NY","New York",19748858,75972,616,4316,24036,45295,339113,50738,272624,15751,"54,310",49.32178221
2014,"OH","Ohio",11596998,33130,464,3825,12780,14658,322517,79466,224942,18109,"49,644",43.23897071
2014,"OK","Oklahoma",3879610,16052,180,1361,3073,10937,117445,29963,76719,10763,"47,199",40.06906357
2014,"OR","Oregon",3971202,10294,84,1165,2270,6320,123142,18690,94177,10275,"58,875",44.71213988
2014,"PA","Pennsylvania",12793767,40298,610,2785,13545,22304,246982,45718,188211,13053,"55,173",43.78837836
2014,"RI","Rhode Island",1054907,2320,26,264,530,1398,22982,4830,16317,1835,"58,633",43.08317478
2014,"SC","South Carolina",4829160,24038,322,1522,4018,17513,168281,37163,118173,12945,"44,929",40.67875516
2014,"SD","South Dakota",853304,2801,23,336,199,2101,16036,2817,12209,1010,"53,053",45.08902833
2014,"TN","Tennessee",6547779,39989,369,1870,7268,29757,200911,46798,141464,12649,"43,716",39.25156911
2014,"TX","Texas",26979078,109711,1192,8400,31021,65862,813515,168085,577018,68412,"53,875",40.75658016
2014,"UT","Utah",2944498,6464,66,1114,1313,3538,85473,11656,66487,7330,"63,383",47.89068313
2014,"VA","Virginia",8328098,16522,350,1687,4294,9462,161934,23210,131001,7723,"66,155",50.55598668
2014,"VT","Vermont",626767,643,10,85,72,444,9721,2092,7375,254,"60,708",45.32670736
2014,"WA","Washington",7063166,20185,178,1999,5641,11586,261257,55381,175317,30559,"59,068",51.63874695
2014,"WI","Wisconsin",5759432,16763,159,1216,5101,9826,120535,21375,89255,9905,"58,080",47.1289143
2014,"WV","West Virginia",1848751,5850,84,417,655,4517,38282,9368,26954,1960,"39,552",32.61774329
2014,"WY","Wyoming",584304,1142,16,127,53,899,11477,1689,9185,603,"55,690",46.35498817
2015,"USA","United States",320896618,1199310,15883,91261,328109,764057,8024115,1587564,5723488,713063,"56,516",45.81465194
2015,"AK","Alaska",737709,5391,59,648,761,3671,20806,3511,15249,2046,"75,112",44.88364302
2015,"AL","Alabama",4853875,22957,348,1449,4612,15960,144785,35265,99182,10338,"44,509",37.09836911
2015,"AR","Arkansas",2977853,15769,189,1425,2117,11455,97391,22851,68720,5820,"42,798",39.51463697
2015,"AZ","Arizona",6817565,27968,306,2268,6360,18193,207184,38010,152388,16786,"52,248",48.61853407
2015,"CA","California",38993940,166883,1861,9341,52862,99349,1024914,197404,656517,170993,"63,636",47.53809144
2015,"CO","Colorado",5448819,17348,173,2422,3315,10532,144044,23490,104532,16022,"66,596",54.74182552
2015,"CT","Connecticut",3584730,7938,116,585,2925,4099,65610,10286,48898,6426,"72,889",53.52665841
2015,"DC","District of Columbia",670377,8538,162,365,3746,4136,31444,2971,25208,3265,"70,071",65.83356002
2015,"DE","Delaware",944076,4760,62,257,1240,3097,25545,4797,19555,1193,"57,756",44.13950046
2015,"FL","Florida",20244914,93625,1041,5396,21137,63895,570270,109268,420341,40661,"48,825",46.86338277
2015,"GA","Georgia",10199398,38891,622,2343,12545,22467,316013,68149,220715,27149,"50,768",47.11157538
2015,"HI","Hawaii",1431603,4201,19,382,1085,1878,45389,6810,33140,5439,"64,514",45.72196201
2015,"IA","Iowa",3121997,8619,73,877,1050,6291,64688,14977,45328,4383,"60,855",46.35123482
2015,"ID","Idaho",1652828,3593,32,508,191,2667,28912,6124,20916,1872,"51,624",38.72655758
2015,"IL","Illinois",12839047,49755,754,3602,15056,29019,256962,46846,192424,17692,"60,413",50.0884187
2015,"IN","Indiana",6612768,25373,370,1757,7081,15536,171878,34404,123940,13534,"51,983",41.14932278
2015,"KS","Kansas",2906721,11483,126,1226,1823,7850,80059,15619,57435,7005,"54,865",49.80165779
2015,"KY","Kentucky",4424611,9887,219,1165,3314,4710,97545,22526,67143,7876,"42,387",43.6312602
2015,"LA","Louisiana",4668960,25202,492,1246,5561,17416,157708,35457,112520,9731,"45,922",45.92846755
2015,"MA","Massachusetts",6784240,26453,131,1538,5266,18974,114547,21826,84676,8045,"67,861",55.1984383
2015,"MD","Maryland",5994983,28185,538,1209,10111,15819,142547,26432,102701,13414,"73,594",50.29419527
2015,"ME","Maine",1329453,1726,23,337,311,931,24361,4694,18853,814,"50,756",43.03214985
2015,"MI","Michigan",9917715,41712,585,4782,7818,26599,191191,40375,132019,18797,"54,203",43.42785804
2015,"MN","Minnesota",5482435,13319,133,1679,3771,7094,121984,19299,94704,7981,"68,730",53.52539333
2015,"MO","Missouri",6076204,30292,503,1858,6383,20833,173788,34029,122749,17010,"59,196",42.54059926
2015,"MS","Mississippi",2989390,8190,253,851,2312,4467,85785,25068,56446,4271,"40,037",36.58598522
2015,"MT","Montana",1032073,3647,38,405,210,2827,27276,3887,20966,2423,"51,395",42.8880959
2015,"NC","North Carolina",10035186,34734,517,1886,8821,22805,275915,74760,187732,13423,"50,797",45.94029863
2015,"ND","North Dakota",756835,1949,21,285,159,1378,17716,3296,12686,1734,"57,415",48.76415536
2015,"NE","Nebraska",1893765,5167,62,648,994,3226,42597,6443,32148,4006,"60,474",46.95665337
2015,"NH","New Hampshire",1330111,2692,15,468,475,1558,23453,3482,19076,895,"75,675",49.54297447
2015,"NJ","New Jersey",8935421,22879,363,1019,9729,11414,145701,27960,105963,11778,"68,357",50.18599802
2015,"NM","New Mexico",2080328,13672,117,1218,2485,9407,77212,17084,51485,8643,"45,119",43.02222065
2015,"NV","Nevada",2883758,20118,178,1232,6287,11965,77137,22360,43426,11351,"52,008",35.58095928
2015,"NY","New York",19747183,75126,613,4414,23879,44493,317225,44117,257837,15271,"58,005",49.54756904
2015,"OH","Ohio",11605090,34373,522,3990,12617,15793,303743,69994,216354,17395,"53,301",43.55471993
2015,"OK","Oklahoma",3907414,16746,240,1418,3018,11535,114055,28783,74678,10594,"47,077",40.26916711
2015,"OR","Oregon",4024634,10680,110,1193,2163,6757,119752,18541,90514,10697,"60,834",46.33604687
2015,"PA","Pennsylvania",12791904,40348,665,3105,12965,22419,231941,39573,180236,12132,"60,389",44.82674479
2015,"RI","Rhode Island",1055607,2565,31,342,547,1520,20038,3938,14714,1386,"55,701",45.78045969
2015,"SC","South Carolina",4894834,24448,407,1717,3950,17652,162830,34942,114778,13110,"46,360",41.83072658
2015,"SD","South Dakota",857919,3302,33,367,215,2554,16739,2969,12576,1194,"55,065",43.79073484
2015,"TN","Tennessee",6595056,40816,418,2032,7499,30098,196047,43753,139259,13035,"47,330",39.73350981
2015,"TX","Texas",27429639,113193,1317,8941,31924,67629,779234,153067,558653,67514,"56,473",41.44445994
2015,"UT","Utah",2990632,7138,57,1247,1329,4048,89797,12606,68464,8727,"66,258",48.13332757
2015,"VA","Virginia",8367587,16705,390,1767,4459,9357,157803,21542,128064,8197,"61,486",51.08339985
2015,"VT","Vermont",626088,747,10,104,105,482,9064,2034,6834,196,"59,494",47.60042
2015,"WA","Washington",7160290,20505,218,2006,5450,12059,249474,51114,171393,26967,"67,243",52.14811477
2015,"WI","Wisconsin",5767891,17549,240,1324,5234,10270,114171,19602,83572,10997,"55,425",47.24218533
2015,"WV","West Virginia",1841053,6397,85,493,783,4819,38694,9467,26984,2243,"42,824",32.87344837
2015,"WY","Wyoming",586555,1300,16,124,59,1054,11151,1762,8797,592,"60,925",45.80437622
2016,"USA","United States",323405935,1285606,17413,96970,332797,802982,7928530,1516405,5644835,767290,"59,039",46.86114055
2016,"AK","Alaska",741522,5966,52,754,850,4011,24876,4053,17766,3057,"75,723",45.29043037
2016,"AL","Alabama",4860545,25878,407,1380,4687,18869,143259,34045,97498,11716,"47,221",37.87550069
2016,"AR","Arkansas",2988231,16563,217,1600,2125,12007,98092,23814,67091,7187,"45,907",39.8760262
2016,"AZ","Arizona",6908642,32542,389,2461,7045,21804,207317,38216,150618,18483,"57,100",49.74262039
2016,"CA","California",39296476,174796,1930,10132,54789,104375,1002070,188304,637010,176756,"66,637",48.35560166
2016,"CO","Colorado",5530105,19030,189,2680,3525,11681,152146,23825,108680,19641,"70,566",55.66134324
2016,"CT","Connecticut",3587685,8169,79,580,2711,4588,64875,10107,47642,7126,"75,923",53.79273776
2016,"DC","District of Columbia",684336,8236,136,400,3500,4067,32377,2361,27089,2927,"70,982",65.62763021
2016,"DE","Delaware",952698,4859,58,224,1359,3131,26370,5028,19812,1530,"58,046",43.21432907
2016,"FL","Florida",20656589,88700,1111,5527,20175,59816,553812,100325,410352,43135,"51,176",46.88026089
2016,"GA","Georgia",10313620,40268,682,2436,12114,24091,307305,62715,218127,26463,"53,527",47.99134948
2016,"HI","Hawaii",1428683,3452,35,432,985,1831,42353,5983,30871,5499,"72,133",46.31934343
2016,"IA","Iowa",3130869,9170,73,941,1150,6669,65888,15306,45580,5002,"59,094",47.57189257
2016,"ID","Idaho",1680026,3876,49,529,213,2895,29357,6318,20962,2077,"56,564",40.57584439
2016,"IL","Illinois",12835726,56054,1061,3713,17829,32161,263256,48193,195196,19867,"61,386",50.9752657
2016,"IN","Indiana",6634007,26516,431,1813,7291,16345,168460,33567,120454,14439,"56,094",41.9312584
2016,"KS","Kansas",2907731,11665,132,1193,1757,8158,82293,14759,60119,7415,"56,810",50.71355977
2016,"KY","Kentucky",4436113,10452,265,1242,3371,5068,97713,20932,66833,9948,"45,369",44.55327247
2016,"LA","Louisiana",4686157,26477,555,1329,5575,18528,154511,34689,109492,10330,"42,196",45.6941337
2016,"MA","Massachusetts",6823721,25975,135,1601,5365,18334,106430,19204,79155,8071,"72,266",56.22789748
2016,"MD","Maryland",6024752,29019,536,1317,10815,15841,139716,24832,100995,13889,"73,760",50.64203373
2016,"ME","Maine",1330232,1649,20,301,268,948,21908,4001,17131,776,"50,856",43.60289161
2016,"MI","Michigan",9933445,45782,612,5217,7123,30779,190249,39738,130249,20262,"57,091",43.74317735
2016,"MN","Minnesota",5525050,13365,101,1732,3730,7185,117723,18582,90421,8720,"70,218",53.97402371
2016,"MO","Missouri",6091176,31720,538,1884,6576,22049,170661,31716,120649,18296,"55,016",43.12745882
2016,"MS","Mississippi",2985415,8411,237,910,2433,4459,82521,23489,54725,4307,"41,099",37.46669073
2016,"MT","Montana",1038656,3886,37,427,268,2983,28156,3966,21427,2763,"57,075",44.01405241
2016,"NC","North Carolina",10156689,37767,678,2086,9336,24906,277765,72082,190377,15306,"53,764",47.42854134
2016,"ND","North Dakota",755548,1905,16,268,181,1352,17451,3248,12249,1954,"60,184",49.53923004
2016,"NE","Nebraska",1907603,5661,49,813,946,3558,43197,6459,32009,4729,"59,374",48.17229508
2016,"NH","New Hampshire",1335015,2668,19,443,431,1609,20323,2989,16454,880,"76,260",50.6248602
2016,"NJ","New Jersey",8978416,21861,378,1088,8940,11089,138012,25229,101459,11324,"68,468",51.16675998
2016,"NM","New Mexico",2085432,14585,139,1117,2737,10182,81930,17280,52907,11743,"48,451",44.59095414
2016,"NV","Nevada",2939254,19924,228,1284,6338,11629,75922,18816,43949,13157,"55,431",34.8215131
2016,"NY","New York",19836286,74315,629,4584,22310,45095,305224,39850,250990,14384,"61,437",50.25263398
2016,"OH","Ohio",11622554,35759,683,4255,12574,16748,300945,67081,214102,19762,"53,985",44.11831201
2016,"OK","Oklahoma",3921207,17855,247,1543,3174,12334,118010,29376,76358,12276,"50,943",41.75267024
2016,"OR","Oregon",4085989,10983,116,1306,2307,6776,121716,16919,91507,13290,"59,135",46.85175541
2016,"PA","Pennsylvania",12787085,40389,674,3250,12314,22942,222394,35178,174147,13069,"60,979",45.66721929
2016,"RI","Rhode Island",1057566,2529,29,330,541,1514,18910,3650,14157,1103,"61,528",46.75401346
2016,"SC","South Carolina",4959822,25137,358,1786,4071,18217,161534,33149,114455,13930,"54,336",41.95786234
2016,"SD","South Dakota",861542,3636,28,386,274,2808,17207,3002,12705,1500,"57,450",45.70793206
2016,"TN","Tennessee",6649404,42459,495,2056,7829,31332,191199,40607,135353,15239,"51,344",40.74142368
2016,"TX","Texas",27904862,121064,1478,9905,33298,72842,769892,148796,552106,68990,"58,146",42.15171021
2016,"UT","Utah",3044321,7406,74,1146,1528,4244,90561,12938,68261,9362,"67,481",49.53060692
2016,"VA","Virginia",8414380,18495,482,2032,4826,10357,157292,20159,127285,9848,"66,451",52.18331461
2016,"VT","Vermont",623354,851,14,120,78,589,9705,1884,7637,184,"60,837",47.71174336
2016,"WA","Washington",7280934,22101,195,2302,5649,13124,254994,49249,173423,32322,"70,310",53.2752269
2016,"WI","Wisconsin",5772917,17716,232,1475,4707,10772,111911,19498,82455,9958,"59,817",48.38990336
2016,"WV","West Virginia",1828637,6633,85,488,720,5144,37282,9127,25657,2498,"44,354",34.66208008
2016,"WY","Wyoming",584910,1431,20,152,59,1146,11460,1771,8889,800,"57,829",48.22710258
2017,"AK","Alaska",739786,6338,62,NA,952,4250,26203,4167,17782,4254,"72,231",41.76322393
2017,"AL","Alabama",4875120,25469,419,NA,4233,18816,143774,31270,99707,12797,"51,113",39.9514936
2017,"AR","Arkansas",3002997,16996,249,NA,1998,12609,94419,22369,64795,7255,"48,829",41.50075759
2017,"AZ","Arizona",7048876,35647,422,NA,7440,24163,204999,37722,148251,19026,"61,125",52.58582452
2017,"CA","California",39399349,178597,1830,NA,56625,105418,987063,176679,642019,168365,"69,759",49.06715393
2017,"CO","Colorado",5615902,20901,222,NA,3868,12790,152032,22618,107470,21944,"74,172",56.52734758
2017,"CT","Connecticut",3573880,8190,105,NA,2813,4422,63646,8906,47418,7322,"72,780",54.10892031
2017,"DC","District of Columbia",695691,6976,116,NA,2625,3791,29736,1809,25340,2587,"83,382",65.37726668
2017,"DE","Delaware",957078,4377,51,NA,1082,2893,23430,3960,18108,1362,"62,318",42.38132232
2017,"FL","Florida",20976812,85606,1057,NA,18597,58016,527125,88835,395375,42915,"53,681",49.27104765
2017,"GA","Georgia",10413055,37118,681,NA,9844,23947,297651,55363,216252,26036,"57,016",49.61444337
2017,"HI","Hawaii",1424203,3577,39,NA,1077,1894,40392,5549,29574,5269,"73,575",46.88530821
2017,"IA","Iowa",3143637,9038,98,NA,1269,6366,65652,14711,45441,5500,"63,481",49.3540211
2017,"ID","Idaho",1718904,4111,42,NA,222,3092,28557,5837,20570,2150,"60,208",40.65229147
2017,"IL","Illinois",12786196,55777,983,NA,17731,31639,255108,43355,190860,20893,"64,609",51.24358595
2017,"IN","Indiana",6660082,26307,413,NA,7035,16247,158932,29799,114395,14738,"58,873",43.42748102
2017,"KS","Kansas",2910689,11654,134,NA,1633,8383,79387,13102,58891,7394,"57,872",51.98252323
2017,"KY","Kentucky",4453874,10292,265,NA,2967,5243,95899,20535,65006,10358,"51,348",45.51890879
2017,"LA","Louisiana",4670818,25986,576,NA,5385,18175,157272,34135,112042,11095,"43,903",44.23490718
2017,"MA","Massachusetts",6863246,24318,172,NA,4874,17073,97977,16916,73573,7488,"73,227",56.81594887
2017,"MD","Maryland",6024891,30321,558,NA,11189,16862,134705,23526,97657,13522,"81,084",51.39373014
2017,"ME","Maine",1335063,1610,23,NA,249,868,20142,3337,16012,793,"51,664",45.97084251
2017,"MI","Michigan",9976447,44883,569,NA,6508,30696,179839,35833,124410,19596,"57,700",45.04022411
2017,"MN","Minnesota",5568155,13345,114,NA,3627,7199,122430,18828,93602,10000,"71,920",54.83356397
2017,"MO","Missouri",6108612,32450,599,NA,6362,22752,173380,30086,123356,19938,"56,885",42.85858626
2017,"MS","Mississippi",2989663,7661,190,NA,2492,4321,82764,22449,55968,4347,"43,441",40.92424589
2017,"MT","Montana",1053090,3937,41,NA,234,3023,27294,3623,21073,2598,"59,087",44.72827819
2017,"NC","North Carolina",10270800,38043,622,NA,9884,25593,265483,65247,184119,16117,"50,343",49.04800411
2017,"ND","North Dakota",755176,2133,10,NA,183,1534,16653,2947,11944,1762,"59,886",50.4812191
2017,"NE","Nebraska",1917575,5979,42,NA,1020,3726,43856,6513,32064,5279,"59,619",48.2546744
2017,"NH","New Hampshire",1349767,2642,13,NA,441,1569,18550,2554,15087,909,"74,801",51.21904878
2017,"NJ","New Jersey",8888543,20604,324,NA,7895,10880,140086,23891,104025,12170,"72,997",52.68200934
2017,"NM","New Mexico",2093395,16300,144,NA,3732,11180,81865,17872,52284,11709,"47,855",45.13027749
2017,"NV","Nevada",2972405,16663,266,NA,4841,9660,78320,20049,45459,12812,"56,550",37.87551706
2017,"NY","New York",19590719,70746,550,NA,20122,43777,293390,34928,245093,13369,"62,447",49.80343643
2017,"OH","Ohio",11664129,34621,741,NA,11224,16823,280557,57521,202320,20716,"59,768",44.56037045
2017,"OK","Oklahoma",3932640,17989,243,NA,3007,12519,113611,28749,72546,12316,"55,006",42.84356379
2017,"OR","Oregon",4146592,11629,105,NA,2474,7058,122524,17415,88091,17018,"64,610",47.898059
2017,"PA","Pennsylvania",12790447,40030,742,NA,11777,23295,210316,31925,165434,12957,"63,173",46.38716745
2017,"RI","Rhode Island",1056486,2474,21,NA,474,1525,18585,3219,13882,1484,"66,390",46.425286
2017,"SC","South Carolina",5021219,25412,380,NA,3884,18572,160368,31165,114931,14272,"54,971",43.69200329
2017,"SD","South Dakota",873286,3753,27,NA,264,2887,16588,2835,12285,1468,"56,894",43.33375552
2017,"TN","Tennessee",6708794,43940,538,NA,7867,32507,198028,38819,140636,18573,"55,240",42.70183479
2017,"TX","Texas",28322717,123984,1405,NA,32120,75923,723143,133458,521767,67918,"59,295",42.96978641
2017,"UT","Utah",3103118,7515,74,NA,1498,4185,86201,11780,64955,9466,"71,319",52.20585317
2017,"VA","Virginia",8465207,17811,470,NA,4331,9984,152515,18524,123812,10179,"71,293",53.87706742
2017,"VT","Vermont",624525,1082,17,NA,100,711,9339,1945,7169,225,"63,805",49.59512848
2017,"WA","Washington",7425432,22483,226,NA,5386,13571,235206,43687,162154,29365,"75,418",54.95248166
2017,"WI","Wisconsin",5792051,18638,192,NA,4370,11899,104908,17570,77868,9470,"63,451",50.53537869
2017,"WV","West Virginia",1817048,6564,98,NA,673,5000,32560,7557,21917,3086,"45,392",36.36514431
2017,"WY","Wyoming",578934,1358,14,NA,98,993,10528,1556,8211,761,"57,837",45.10207459
2017,"USA","United States",325147121,1283875,17294,NA,320596,810319,7682988,1397045,5513000,772943,"61,372",47.63867354
2018,"AK","Alaska",735139,6555,47,NA,896,4400,24345,3985,16364,3996,"68,734",48.22822139
2018,"AL","Alabama",4887681,25567,383,NA,4047,19105,138702,29101,96328,13273,"49,936",44.01104019
2018,"AR","Arkansas",3009733,16904,222,NA,1593,12748,89177,19520,62350,7307,"49,781",43.55486829
2018,"AZ","Arizona",7158024,34053,383,NA,6509,23556,192730,31787,141789,19154,"62,283",53.97070955
2018,"CA","California",39461588,176604,1739,NA,54328,105031,941644,164645,621779,155220,"70,489",51.10009467
2018,"CO","Colorado",5691287,22851,215,NA,3781,14527,154292,21757,110518,22017,"73,034",59.80131377
2018,"CT","Connecticut",3571520,7485,86,NA,2205,4321,59356,7983,44181,7192,"72,812",57.29324574
2018,"DC","District of Columbia",701547,6995,160,NA,2415,3970,30726,1788,26345,2593,"85,750",69.26350011
2018,"DE","Delaware",965479,4079,46,NA,861,2838,22405,3154,17780,1471,"65,012",44.13481135
2018,"FL","Florida",21244317,81980,1107,NA,16884,55551,486017,71933,372919,41165,"54,644",52.18345747
2018,"GA","Georgia",10511131,35619,647,NA,8499,23675,277803,46816,205631,25356,"55,821",52.09925387
2018,"HI","Hawaii",1420593,3622,40,NA,951,1922,41027,5709,29600,5718,"80,108",51.03140945
2018,"IA","Iowa",3148618,8303,70,NA,989,6118,57024,12433,39498,5093,"68,718",53.13357205
2018,"ID","Idaho",1750536,4196,34,NA,195,3040,25822,4990,18876,1956,"58,728",45.24854945
2018,"IL","Illinois",12723071,52343,902,NA,14251,31084,246679,39317,187517,19845,"70,145",54.42900189
2018,"IN","Indiana",6695497,25009,418,NA,5737,16368,146948,25894,105861,15193,"59,892",48.50528206
2018,"KS","Kansas",2911359,12861,122,NA,1420,9655,77449,12792,56726,7931,"63,938",54.80433359
2018,"KY","Kentucky",4461153,9719,250,NA,2469,5125,89235,17462,61313,10460,"54,555",49.13607486
2018,"LA","Louisiana",4659690,25314,533,NA,4600,18076,152996,31291,110066,11639,"49,973",47.320817
2018,"MA","Massachusetts",6882635,23424,138,NA,4084,16737,87658,14095,66968,6595,"86,345",61.11273655
2018,"MD","Maryland",6035802,28330,491,NA,9716,16132,122945,18910,91887,12148,"86,223",55.64382521
2018,"ME","Maine",1339057,1500,23,NA,228,802,18201,2712,14712,777,"58,663",50.48484663
2018,"MI","Michigan",9984072,45176,555,NA,5638,31082,166186,31834,116876,17476,"60,449",48.88887887
2018,"MN","Minnesota",5606249,12403,107,NA,2946,6875,112186,16206,85849,10131,"71,817",58.57510637
2018,"MO","Missouri",6121623,30696,599,NA,5206,21956,162698,27345,115506,19847,"61,726",46.51902146
2018,"MS","Mississippi",2981020,7929,214,NA,1700,5419,71701,20355,46201,5145,"42,781",45.21261454
2018,"MT","Montana",1060665,4040,37,NA,270,3164,26787,3329,20641,2817,"57,679",50.29588963
2018,"NC","North Carolina",10381615,36980,574,NA,7573,26200,243323,57450,169376,16497,"53,369",51.43221574
2018,"ND","North Dakota",758080,2154,18,NA,158,1569,15621,2742,11088,1791,"66,505",55.21293048
2018,"NE","Nebraska",1925614,5583,44,NA,736,3513,40193,5308,29987,4898,"67,575",53.55222851
2018,"NH","New Hampshire",1353465,2404,21,NA,342,1463,17201,1908,14396,897,"81,346",54.66162711
2018,"NJ","New Jersey",8886025,18536,285,NA,6364,10463,125155,19232,94886,11037,"74,176",56.46792909
2018,"NM","New Mexico",2092741,17637,153,NA,2646,13536,70722,16102,44592,10028,"48,283",47.24605575
2018,"NV","Nevada",3027341,16715,202,NA,3862,10322,73998,17741,44341,11916,"61,864",41.2876606
2018,"NY","New York",19530351,68512,562,NA,18191,43182,281543,31158,237243,13142,"67,274",53.57411135
2018,"OH","Ohio",11676341,34426,596,NA,9608,18370,257848,49456,188433,19959,"61,633",49.23904383
2018,"OK","Oklahoma",3940235,18701,215,NA,2805,13250,114395,27178,73799,13418,"54,434",45.94013876
2018,"OR","Oregon",4181886,12146,86,NA,2515,7431,122401,16515,89191,16695,"69,165",50.53611212
2018,"PA","Pennsylvania",12800922,39099,784,NA,9854,23971,190633,27054,150441,13138,"64,524",50.25553607
2018,"RI","Rhode Island",1058287,2326,16,NA,453,1363,17625,2817,13270,1538,"62,266",51.42916184
2018,"SC","South Carolina",5084156,25463,411,NA,3592,18810,156330,29957,111427,14946,"57,444",46.77502497
2018,"SD","South Dakota",878698,3483,12,NA,222,2632,15191,2502,11237,1452,"59,463",48.62634847
2018,"TN","Tennessee",6771631,42687,508,NA,7222,31946,192897,33538,138710,20649,"56,060",45.20513325
2018,"TX","Texas",28628666,118197,1327,NA,28339,73433,681143,117897,493238,70008,"59,785",47.06586978
2018,"UT","Utah",3153550,7551,63,NA,1237,4397,76294,10079,58406,7809,"77,067",56.37514688
2018,"VA","Virginia",8501286,17357,417,NA,3610,10258,142931,15659,116496,10776,"77,151",57.04927883
2018,"VT","Vermont",624358,1155,11,NA,73,745,8211,1496,6451,264,"70,066",53.0694796
2018,"WA","Washington",7523869,23719,236,NA,5557,14316,223256,40434,154941,27881,"79,726",59.43889048
2018,"WI","Wisconsin",5807406,17365,175,NA,3493,11364,91238,14180,68380,8678,"62,629",53.09524737
2018,"WV","West Virginia",1804291,5411,76,NA,333,4286,27888,5916,19783,2189,"50,573",42.01482213
2018,"WY","Wyoming",577601,1235,14,NA,75,885,10308,1551,7974,783,"62,539",50.53782095
2018,"USA","United States",326687501,1252399,16374,NA,281278,810982,7219084,1235013,5232167,751904,"63,179",51.25092652
2019,"AK","Alaska",731545,6343,69,NA,826,4360,21294,3563,15114,2617,"78,394",49.50284925
2019,"AL","Alabama",4903185,25046,358,NA,3941,18679,131133,26079,92477,12577,"56,200",45.11473276
2019,"AR","Arkansas",3017804,17643,242,NA,1557,13513,86250,18095,60735,7420,"54,539",43.55786791
2019,"AZ","Arizona",7278717,33141,365,NA,6410,22704,177638,28699,130788,18151,"70,674",53.75584914
2019,"CA","California",39512223,174331,1690,NA,52301,105541,921114,152555,626802,141757,"78,105",51.97862659
2019,"CO","Colorado",5758736,21938,218,NA,3663,14185,149189,20064,107012,22113,"72,499",61.04810083
2019,"CT","Connecticut",3565287,6546,104,NA,1929,3742,50862,6441,38457,5964,"87,291",57.0893766
2019,"DC","District of Columbia",705749,7403,166,NA,2713,4179,30821,1843,26645,2333,"93,111",69.05712394
2019,"DE","Delaware",973764,4115,48,NA,790,2967,21931,2968,17359,1604,"74,194",47.90522117
2019,"FL","Florida",21477737,81270,1122,NA,16217,55475,460846,63396,358402,39048,"58,368",52.75092791
2019,"GA","Georgia",10617423,36170,654,NA,7961,24633,252249,39506,188967,23776,"56,628",52.79662056
2019,"HI","Hawaii",1415872,4042,48,NA,1131,2098,40228,5340,29634,5254,"88,006",50.7201276
2019,"IA","Iowa",3155070,8410,60,NA,863,6323,54699,11710,37847,5142,"66,054",53.40845217
2019,"ID","Idaho",1787065,4000,35,NA,155,3001,21793,3927,16295,1571,"65,988",46.48779725
2019,"IL","Illinois",12671821,51561,832,NA,12464,32187,233984,34433,180776,18775,"74,399",55.22491455
2019,"IN","Indiana",6732219,24966,377,NA,5331,16783,132694,21795,97176,13723,"66,693",48.33529671
2019,"KS","Kansas",2913314,11968,105,NA,1293,9154,67428,9984,50165,7279,"73,151",54.86129208
2019,"KY","Kentucky",4467673,9701,221,NA,2161,5747,84769,15443,59130,10196,"55,662",49.39037831
2019,"LA","Louisiana",4648794,25537,544,NA,4025,18695,146993,26918,109359,10716,"51,707",48.1469729
2019,"MA","Massachusetts",6892503,22578,152,NA,3613,16609,81317,12341,62844,6132,"87,707",61.58263703
2019,"MD","Maryland",6045680,27456,542,NA,9203,15798,117901,16862,89780,11259,"95,572",55.87127015
2019,"ME","Maine",1344212,1548,20,NA,188,824,16743,2350,13667,726,"66,546",52.57763745
2019,"MI","Michigan",9986857,43686,556,NA,5350,30545,158296,28572,111980,17744,"64,119",49.09566857
2019,"MN","Minnesota",5639632,13332,117,NA,3149,7618,117236,15927,90092,11217,"81,426",59.00739676
2019,"MO","Missouri",6137428,30380,568,NA,4959,21936,161946,26414,114460,21072,"60,597",46.9803857
2019,"MS","Mississippi",2976149,8272,332,NA,1700,5493,70707,18660,46300,5747,"44,787",44.35713791
2019,"MT","Montana",1068778,4328,27,NA,205,3472,23440,2887,18176,2377,"60,195",52.15931923
2019,"NC","North Carolina",10488084,38995,632,NA,7599,27517,247236,54447,174728,18061,"61,159",52.06608504
2019,"ND","North Dakota",762062,2169,24,NA,179,1529,15066,2608,10666,1792,"70,031",55.26419599
2019,"NE","Nebraska",1934408,5821,45,NA,792,3731,39449,4745,29719,4985,"73,071",54.88998932
2019,"NH","New Hampshire",1359711,2074,33,NA,313,1138,16442,1717,13832,893,"86,900",55.07734066
2019,"NJ","New Jersey",8882190,18375,262,NA,5730,10852,118637,16399,91902,10336,"87,726",56.57938636
2019,"NM","New Mexico",2096829,17450,181,NA,2341,13640,65269,14610,41702,8957,"53,113",48.63275382
2019,"NV","Nevada",3080156,15210,143,NA,3286,9620,71525,15510,44755,11260,"70,906",42.53598958
2019,"NY","New York",19453561,69764,558,NA,18068,44555,267155,27600,226851,12704,"71,855",54.3252355
2019,"OH","Ohio",11689100,34269,538,NA,8846,19154,240291,43894,177725,18672,"64,663",49.53940375
2019,"OK","Oklahoma",3956971,17086,266,NA,2369,12183,112587,26577,72632,13378,"59,397",46.52154652
2019,"OR","Oregon",4217737,11995,116,NA,2276,7825,115170,14724,85261,15185,"74,413",51.02113306
2019,"PA","Pennsylvania",12801989,39228,669,NA,9743,24465,179665,23354,143921,12390,"70,582",50.67067194
2019,"RI","Rhode Island",1059361,2342,25,NA,418,1408,16259,2321,12580,1358,"70,151",52.85936346
2019,"SC","South Carolina",5148714,26323,464,NA,3294,20105,151389,27461,108953,14975,"62,028",47.60744927
2019,"SD","South Dakota",884659,3530,17,NA,195,2676,15667,2646,11265,1756,"64,255",49.24392051
2019,"TN","Tennessee",6829174,40647,498,NA,6150,31186,181153,29869,132104,19180,"56,627",46.84124098
2019,"TX","Texas",28995881,121474,1409,NA,28988,76253,693204,113902,501813,77489,"67,444",47.94061965
2019,"UT","Utah",3205958,7553,72,NA,1125,4534,69546,8871,53937,6738,"84,523",55.84804642
2019,"VA","Virginia",8535519,17753,426,NA,3524,10987,140213,13900,116044,10269,"81,313",57.44235157
2019,"VT","Vermont",623989,1262,11,NA,71,902,8888,1275,7315,298,"74,305",52.58288824
2019,"WA","Washington",7614893,22377,198,NA,5147,13700,204224,34540,145282,24402,"82,454",59.43455355
2019,"WI","Wisconsin",5822434,17070,175,NA,2991,11643,85672,12667,65620,7385,"67,355",54.67430498
2019,"WV","West Virginia",1792147,5674,78,NA,378,4464,28376,5891,20066,2419,"53,706",42.57360957
2019,"WY","Wyoming",578759,1258,13,NA,67,854,9093,1396,6984,713,"65,134",51.62928526
2019,"USA","United States",328239523,1245410,16425,NA,267988,821182,6925677,1117696,5086096,721885,"68,703",51.86485858
2020,NA,"United States",NA,NA,NA,NA,NA,NA,NA,NA,NA,NA,"67,521",NA
2020,NA,"Alabama",NA,NA,NA,NA,NA,NA,NA,NA,NA,NA,"54,393",NA
2020,NA,"Alaska",NA,NA,NA,NA,NA,NA,NA,NA,NA,NA,"74,476",NA
2020,NA,"Arizona",NA,NA,NA,NA,NA,NA,NA,NA,NA,NA,"66,628",NA
2020,NA,"Arkansas",NA,NA,NA,NA,NA,NA,NA,NA,NA,NA,"50,540",NA
2020,NA,"California",NA,NA,NA,NA,NA,NA,NA,NA,NA,NA,"77,358",NA
2020,NA,"Colorado",NA,NA,NA,NA,NA,NA,NA,NA,NA,NA,"82,611",NA
2020,NA,"Connecticut",NA,NA,NA,NA,NA,NA,NA,NA,NA,NA,"79,043",NA
2020,NA,"Delaware",NA,NA,NA,NA,NA,NA,NA,NA,NA,NA,"69,132",NA
2020,NA,"District of Columbia",NA,NA,NA,NA,NA,NA,NA,NA,NA,NA,"88,311",NA
2020,NA,"Florida",NA,NA,NA,NA,NA,NA,NA,NA,NA,NA,"57,435",NA
2020,NA,"Georgia",NA,NA,NA,NA,NA,NA,NA,NA,NA,NA,"58,952",NA
2020,NA,"Hawaii",NA,NA,NA,NA,NA,NA,NA,NA,NA,NA,"80,729",NA
2020,NA,"Idaho",NA,NA,NA,NA,NA,NA,NA,NA,NA,NA,"66,499",NA
2020,NA,"Illinois",NA,NA,NA,NA,NA,NA,NA,NA,NA,NA,"73,753",NA
2020,NA,"Indiana",NA,NA,NA,NA,NA,NA,NA,NA,NA,NA,"66,360",NA
2020,NA,"Iowa",NA,NA,NA,NA,NA,NA,NA,NA,NA,NA,"68,469",NA
2020,NA,"Kansas",NA,NA,NA,NA,NA,NA,NA,NA,NA,NA,"72,815",NA
2020,NA,"Kentucky",NA,NA,NA,NA,NA,NA,NA,NA,NA,NA,"56,525",NA
2020,NA,"Louisiana",NA,NA,NA,NA,NA,NA,NA,NA,NA,NA,"50,935",NA
2020,NA,"Maine",NA,NA,NA,NA,NA,NA,NA,NA,NA,NA,"63,440",NA
2020,NA,"Maryland",NA,NA,NA,NA,NA,NA,NA,NA,NA,NA,"94,384",NA
2020,NA,"Massachusetts",NA,NA,NA,NA,NA,NA,NA,NA,NA,NA,"86,725",NA
2020,NA,"Michigan",NA,NA,NA,NA,NA,NA,NA,NA,NA,NA,"63,829",NA
2020,NA,"Minnesota",NA,NA,NA,NA,NA,NA,NA,NA,NA,NA,"78,461",NA
2020,NA,"Mississippi",NA,NA,NA,NA,NA,NA,NA,NA,NA,NA,"44,966",NA
2020,NA,"Missouri",NA,NA,NA,NA,NA,NA,NA,NA,NA,NA,"61,901",NA
2020,NA,"Montana",NA,NA,NA,NA,NA,NA,NA,NA,NA,NA,"56,442",NA
2020,NA,"Nebraska",NA,NA,NA,NA,NA,NA,NA,NA,NA,NA,"72,024",NA
2020,NA,"Nevada",NA,NA,NA,NA,NA,NA,NA,NA,NA,NA,"60,956",NA
2020,NA,"New Hampshire",NA,NA,NA,NA,NA,NA,NA,NA,NA,NA,"88,235",NA
2020,NA,"New Jersey",NA,NA,NA,NA,NA,NA,NA,NA,NA,NA,"85,239",NA
2020,NA,"New Mexico",NA,NA,NA,NA,NA,NA,NA,NA,NA,NA,"50,822",NA
2020,NA,"New York",NA,NA,NA,NA,NA,NA,NA,NA,NA,NA,"68,304",NA
2020,NA,"North Carolina",NA,NA,NA,NA,NA,NA,NA,NA,NA,NA,"60,266",NA
2020,NA,"North Dakota",NA,NA,NA,NA,NA,NA,NA,NA,NA,NA,"63,657",NA
2020,NA,"Ohio",NA,NA,NA,NA,NA,NA,NA,NA,NA,NA,"60,110",NA
2020,NA,"Oklahoma",NA,NA,NA,NA,NA,NA,NA,NA,NA,NA,"52,341",NA
2020,NA,"Oregon",NA,NA,NA,NA,NA,NA,NA,NA,NA,NA,"76,554",NA
2020,NA,"Pennsylvania",NA,NA,NA,NA,NA,NA,NA,NA,NA,NA,"70,117",NA
2020,NA,"Rhode Island",NA,NA,NA,NA,NA,NA,NA,NA,NA,NA,"80,012",NA
2020,NA,"South Carolina",NA,NA,NA,NA,NA,NA,NA,NA,NA,NA,"60,097",NA
2020,NA,"South Dakota",NA,NA,NA,NA,NA,NA,NA,NA,NA,NA,"69,787",NA
2020,NA,"Tennessee",NA,NA,NA,NA,NA,NA,NA,NA,NA,NA,"54,665",NA
2020,NA,"Texas",NA,NA,NA,NA,NA,NA,NA,NA,NA,NA,"68,093",NA
2020,NA,"Utah",NA,NA,NA,NA,NA,NA,NA,NA,NA,NA,"83,670",NA
2020,NA,"Vermont",NA,NA,NA,NA,NA,NA,NA,NA,NA,NA,"66,902",NA
2020,NA,"Virginia",NA,NA,NA,NA,NA,NA,NA,NA,NA,NA,"81,947",NA
2020,NA,"Washington",NA,NA,NA,NA,NA,NA,NA,NA,NA,NA,"81,083",NA
2020,NA,"West Virginia",NA,NA,NA,NA,NA,NA,NA,NA,NA,NA,"51,615",NA
2020,NA,"Wisconsin",NA,NA,NA,NA,NA,NA,NA,NA,NA,NA,"67,094",NA
2020,NA,"Wyoming",NA,NA,NA,NA,NA,NA,NA,NA,NA,NA,"65,108",NA
2008,NA,"Puerto Rico",NA,NA,NA,NA,NA,NA,NA,NA,NA,NA,NA,33.53674056
2009,NA,"Puerto Rico",NA,NA,NA,NA,NA,NA,NA,NA,NA,NA,NA,34.23124053
2010,NA,"Puerto Rico",NA,NA,NA,NA,NA,NA,NA,NA,NA,NA,NA,35.33507581
2011,NA,"Puerto Rico",NA,NA,NA,NA,NA,NA,NA,NA,NA,NA,NA,36.78541217
2012,NA,"Puerto Rico",NA,NA,NA,NA,NA,NA,NA,NA,NA,NA,NA,38.34554076
2013,NA,"Puerto Rico",NA,NA,NA,NA,NA,NA,NA,NA,NA,NA,NA,39.08227456
2014,NA,"Puerto Rico",NA,NA,NA,NA,NA,NA,NA,NA,NA,NA,NA,43.68837181
2015,NA,"Puerto Rico",NA,NA,NA,NA,NA,NA,NA,NA,NA,NA,NA,44.82558504
2016,NA,"Puerto Rico",NA,NA,NA,NA,NA,NA,NA,NA,NA,NA,NA,46.11427274
2017,NA,"Puerto Rico",NA,NA,NA,NA,NA,NA,NA,NA,NA,NA,NA,47.06608266
2018,NA,"Puerto Rico",NA,NA,NA,NA,NA,NA,NA,NA,NA,NA,NA,51.21894292
2019,NA,"Puerto Rico",NA,NA,NA,NA,NA,NA,NA,NA,NA,NA,NA,52.94553688
