"state","year","ENROLL","TOTAL_REVENUE","TOTAL_EXPENDITURE","state_abbr","population","violent_crime","homicide","rape_legacy","robbery","aggravated_assault","property_crime","burglary","larceny","motor_vehicle_theft","income","attainment rate"
"Alabama",2008,742919,7726213,7847387,"AL",4661900,21110,351,1618,7346,11795,190416,50411,126539,13466,"44,476",31.59514408
"Alaska",2008,130624,2188587,2274819,"AK",686293,4475,27,447,645,3356,20090,3237,15225,1628,"63,989",36.34344969
"Arizona",2008,987332,9272152,9581201,"AZ",6500180,31567,462,2200,9809,19096,266653,58606,169460,38587,"46,914",34.35161359
"Arkansas",2008,476110,4608356,4720720,"AR",2855390,14649,165,1463,2777,10244,110360,33912,69905,6543,"39,586",26.51502359
"California",2008,6258421,74626928,76618865,"CA",36756666,185329,2142,8903,69388,104896,1080996,237811,650656,192529,"57,014",38.57988594
"Colorado",2008,796824,8070129,8884786,"CO",4939456,17480,165,2151,3404,11760,139340,28054,97937,13349,"60,943",45.34356529
"Connecticut",2008,544417,9322225,9046750,"CT",3501252,10737,132,680,4043,5882,87210,15107,63212,8891,"64,682",46.57363728
"Delaware",2008,114062,1694998,1746925,"DE",873092,6187,57,371,1847,3912,31385,6783,22045,2557,"50,702",37.04270839
"District of Columbia",2008,58191,1224312,1224785,"DC",591833,8509,186,186,4430,3707,30211,3788,19958,6465,"55,590",54.25251004
"Florida",2008,2645680,30001821,31219589,"FL",18328340,126256,1168,5972,36268,82848,758889,188472,506902,63515,"44,857",36.78280856
"Georgia",2008,1646010,18683630,19172087,"GA",9685744,47353,640,2334,17808,26571,387917,100564,247709,39644,"46,227",36.17883588
"Hawaii",2008,179897,2541703,2242408,"HI",1288198,3510,26,363,1085,2036,45944,9404,31424,5116,"61,521",42.30059352
"Idaho",2008,265844,2151476,2001328,"ID",1523816,3680,23,579,239,2839,31940,6748,23532,1660,"47,420",34.84184326
"Illinois",2008,2099118,25431714,25696866,"IL",12901563,67780,790,4118,24054,38818,378355,78968,266815,32572,"53,254",40.80269829
"Indiana",2008,1033329,11340157,10865851,"IN",6376792,21525,322,1711,7580,11912,213639,48805,147334,17500,"46,520",33.37142908
"Iowa",2008,485114,5496908,5495756,"IA",3002555,8651,77,937,1249,6388,73273,16598,52299,4376,"50,142",38.80584768
"Kansas",2008,467743,5378095,5122049,"KS",2802134,11554,113,1226,1681,8534,94882,19651,67826,7405,"47,877",40.53304029
"Kentucky",2008,666019,6637062,6793215,"KY",4269245,12690,201,1457,4080,6952,114492,29556,77279,7657,"41,148",29.18277239
"Louisiana",2008,662971,7751886,7599993,"LA",4410796,29613,544,1250,6241,21578,171179,45524,112091,13564,"39,563",26.96655692
"Maine",2008,193058,2594335,2582293,"ME",1316456,1572,31,379,333,829,32433,6559,24695,1179,"47,228",36.81975902
"Maryland",2008,845700,13098112,12739693,"MD",5633597,35393,493,1127,13203,20570,198165,38849,133983,25333,"63,711",43.86954885
"Massachusetts",2008,937677,14633578,14631545,"MA",6497967,30137,166,1751,7077,21143,155919,36251,106913,12755,"60,320",49.60953967
"Michigan",2008,1661936,20441973,20703780,"MI",10003422,51512,554,4507,13246,33205,295100,74787,184558,35755,"49,788",35.6484175
"Minnesota",2008,807929,10118118,10462624,"MN",5220393,13853,110,1805,4179,7759,149517,26558,112764,10195,"54,925",45.04982247
"Mississippi",2008,493302,4449009,4363308,"MS",2938618,8942,236,958,3079,4669,85488,25506,53730,6252,"36,446",29.28087923
"Missouri",2008,898350,9335599,9900419,"MO",5911605,29701,456,1612,7395,20238,216522,45763,150002,20757,"46,038",34.89582162
"Montana",2008,142695,1562815,1557678,"MT",967440,3013,40,358,204,2411,26300,3689,20834,1777,"42,900",37.64964784
"Nebraska",2008,290912,3383157,3325663,"NE",1783432,5570,69,601,1297,3603,51350,8731,38394,4225,"50,728",40.45729834
"Nevada",2008,428776,4338601,4881218,"NV",2600167,18973,165,1106,6486,11216,90006,24254,49814,15938,"54,744",30.07179958
"New Hampshire",2008,195668,2715463,2715961,"NH",1315809,2054,14,385,421,1234,28387,4266,22714,1407,"66,176",46.0186626
"New Jersey",2008,1353191,25916004,26168480,"NJ",8682661,28351,376,1122,12701,14152,199127,40402,138545,20180,"65,306",44.62177871
"New Mexico",2008,329045,3569311,3599724,"NM",1984356,12967,161,1118,2151,9537,75718,20706,46995,8017,"42,102",33.40893749
"New York",2008,2727552,53147343,54870811,"NY",19490297,77546,836,2798,31787,42125,388599,65544,297962,25093,"50,461",43.74698473
"North Carolina",2008,1408316,13610326,13731201,"NC",9222414,43125,599,2296,14323,25907,372763,111556,234480,26727,"42,930",36.94301085
"North Dakota",2008,94959,1104803,1085970,"ND",641481,1441,11,331,73,1026,13029,2336,9782,911,"49,631",45.15158877
"Ohio",2008,1743920,22746589,21951104,"OH",11485910,40436,547,4531,18706,16652,391667,102428,260788,28451,"46,934",34.86692832
"Oklahoma",2008,641682,5780151,5667749,"OK",3642361,19359,215,1471,3698,13975,126535,35247,80265,11023,"46,111",31.31177141
"Oregon",2008,562632,6107684,6407512,"OR",3790060,9909,87,1183,2656,5983,125169,21115,92677,11377,"51,727",38.56375101
"Pennsylvania",2008,1718588,26357235,26597713,"PA",12448279,51044,705,3485,18873,27981,300294,58687,219115,22492,"51,402",37.92836812
"Rhode Island",2008,143812,2173888,2175172,"RI",1050788,2656,31,282,880,1463,29895,5766,20926,3203,"53,241",41.39298233
"South Carolina",2008,710685,7743317,8167262,"SC",4479800,32746,307,1686,6595,24158,189950,45964,126316,17670,"42,155",34.43712472
"South Dakota",2008,121606,1190917,1172715,"SD",804194,2227,37,562,134,1494,13867,2683,10266,918,"51,600",39.36401624
"Tennessee",2008,966963,8086152,8488521,"TN",6214888,44913,412,2078,10804,31619,251089,65093,166793,19203,"39,702",31.26716496
"Texas",2008,4581517,46245975,50205827,"TX",24326974,123585,1370,8055,37739,76421,969865,230046,654435,85384,"46,490",33.27211217
"Utah",2008,556314,4198001,4337917,"UT",2736424,6165,41,915,1421,3788,92373,14766,70299,7308,"62,537",40.24782434
"Vermont",2008,87919,1888635,1888133,"VT",621270,854,17,133,93,611,15903,3515,11802,586,"50,706",43.58427789
"Virginia",2008,1230857,14768120,15236306,"VA",7769089,20031,370,1794,7470,10397,196726,32188,151191,13347,"61,985",43.42929598
"Washington",2008,1029576,11195224,11677666,"WA",6549224,21888,193,2653,6419,12623,249283,53136,167013,29134,"56,631",42.01641278
"West Virginia",2008,281735,2965828,3068910,"WV",1814468,5006,67,389,896,3654,45971,10840,31967,3164,"37,994",25.57662533
"Wisconsin",2008,867929,10619354,10545964,"WI",5627967,15507,146,1128,5163,9070,155456,27459,116456,11541,"51,200",37.99441652
"Wyoming",2008,85991,1602514,1517325,"WY",532668,1330,12,185,87,1046,14515,2198,11584,733,"53,337",35.99127356
"Alabama",2009,745668,7186390,7815467,"AL",4708708,21194,322,1504,6265,13103,178007,48844,118072,11091,"39,980",31.65582731
"Alaska",2009,130236,2158970,2396412,"AK",698473,4424,22,513,654,3235,20538,3600,15251,1687,"61,604",35.05662716
"Arizona",2009,981303,8802515,9580393,"AZ",6595778,28128,380,2279,8199,17270,236721,54308,155976,26437,"45,739",34.75711828
"Arkansas",2009,474423,4753142,5017352,"AR",2889450,14905,179,1378,2576,10772,109078,34753,68228,6097,"36,538",26.99975592
"California",2009,6234155,73958896,74766086,"CA",36961664,174934,1972,8713,64093,100156,1009433,230198,615402,163833,"56,134",38.71533801
"Colorado",2009,812068,8310673,8682489,"CO",5024748,17022,159,2269,3371,11223,134196,26637,95079,12480,"55,930",45.82570947
"Connecticut",2009,539250,9681268,9323053,"CT",3518288,10588,106,657,4001,5824,82625,15172,59992,7461,"64,851",46.35168198
"Delaware",2009,116804,1718993,1798244,"DE",885122,5713,41,395,1680,3597,29685,6943,20836,1906,"52,114",38.55481759
"District of Columbia",2009,44331,801008,805362,"DC",599657,8089,145,150,4404,3390,28495,3696,19267,5532,"53,141",53.61646485
"Florida",2009,2623067,26494500,28867429,"FL",18537969,113541,1017,5501,30911,76112,712010,181884,479867,50259,"45,631",36.39822582
"Georgia",2009,1649598,17972839,19025136,"GA",9829211,42073,566,2323,14631,24553,360985,98606,229216,33163,"43,340",36.15208851
"Hawaii",2009,179478,2689758,2318671,"HI",1295178,3550,23,385,1030,2112,47516,9244,33415,4857,"55,649",42.88889369
"Idaho",2009,267951,2182273,2078446,"ID",1545801,3805,24,575,254,2952,31220,6682,23066,1472,"46,778",34.27474052
"Illinois",2009,2117291,26987426,27716187,"IL",12910409,64185,773,3901,22923,36588,353347,77850,248821,26676,"52,870",41.40412255
"Indiana",2009,1028259,12999357,11218398,"IN",6423113,21455,312,1621,7347,12175,199907,48880,137190,13837,"44,305",32.97842091
"Iowa",2009,487559,5732319,5732186,"IA",3007856,8485,38,890,1201,6356,70080,16419,49757,3904,"50,721",40.10439718
"Kansas",2009,470445,5615208,5827751,"KS",2818747,11460,125,1179,1786,8370,90930,19473,65499,5958,"44,717",39.97989792
"Kentucky",2009,669858,6706922,6831006,"KY",4314113,11000,184,1531,3642,5643,108914,29880,72938,6096,"42,664",30.44505004
"Louisiana",2009,662774,7984550,8053960,"LA",4492076,28878,529,1351,6150,20848,172619,46928,114102,11589,"45,433",28.09479525
"Maine",2009,187372,2623127,2624504,"ME",1318301,1580,26,375,399,780,31706,6729,23955,1022,"47,502",38.55963741
"Maryland",2009,843781,13147931,12757599,"MD",5699478,33625,440,1156,12007,20022,182295,36905,125771,19619,"64,186",44.39865014
"Massachusetts",2009,932437,15298022,15174814,"MA",6593587,30503,173,1734,7467,21129,153178,34515,106799,11864,"59,373",50.19783472
"Michigan",2009,1537515,19616665,19992550,"MI",9969727,49825,623,4524,12427,32251,284019,76046,178628,29345,"45,994",35.76906542
"Minnesota",2009,800831,10353784,11193640,"MN",5266214,12874,74,1789,3619,7392,139286,25580,105160,8546,"56,090",45.22317912
"Mississippi",2009,491194,4392101,4552756,"MS",2951996,8451,194,991,2969,4297,87327,29559,52329,5439,"35,078",28.86816442
"Missouri",2009,893807,9472520,10227305,"MO",5987580,29513,387,1606,7437,20083,201783,43591,140764,17428,"48,769",34.90915103
"Montana",2009,141782,1607935,1622485,"MT",974989,2798,32,357,228,2181,24826,3686,19528,1612,"40,437",38.26286872
"Nebraska",2009,292161,3522481,3523803,"NE",1796619,5199,41,617,1220,3321,49731,8726,37496,3509,"49,595",41.22235929
"Nevada",2009,430985,4442101,4577881,"NV",2643085,18639,156,1024,6028,11431,80976,22115,46463,12398,"51,434",30.36806816
"New Hampshire",2009,197024,2816162,2757401,"NH",1324575,2125,11,399,454,1261,28790,4915,22748,1127,"64,131",44.64006384
"New Jersey",2009,1354912,26510413,26145334,"NJ",8707739,27113,319,1041,11639,14114,180752,36945,128303,15504,"64,777",44.5265434
"New Mexico",2009,328737,3703477,3945515,"NM",2009671,12709,198,1069,1932,9510,74639,21955,46182,6502,"43,542",33.88314905
"New York",2009,2696688,55885116,57851481,"NY",19541453,75110,781,2582,28141,43606,377537,62769,292897,21871,"50,216",44.578078
"North Carolina",2009,1452064,15410564,14868070,"NC",9380884,37946,489,2306,11825,23326,343707,107830,215923,19954,"41,906",37.94052028
"North Dakota",2009,94653,1150142,1137260,"ND",646844,1723,12,296,107,1308,12813,2426,9474,913,"50,075",43.67134496
"Ohio",2009,1729072,22779344,22427481,"OH",11542645,38305,527,4119,17670,15989,376446,104009,249777,22660,"45,879",34.72442687
"Oklahoma",2009,644549,6029807,5941799,"OK",3687050,18560,234,1535,3358,13433,132350,38071,83813,10466,"45,878",31.74231206
"Oregon",2009,560726,6158756,6715011,"OR",3825657,9968,88,1202,2499,6179,114780,19739,85064,9977,"49,098",39.75349373
"Pennsylvania",2009,1687145,26755585,27328680,"PA",12604767,48188,664,3626,17504,26394,277182,54772,204588,17822,"48,172",37.82671043
"Rhode Island",2009,141521,2179714,2171376,"RI",1053209,2678,32,296,785,1565,27558,5753,19403,2402,"51,634",42.60395437
"South Carolina",2009,714290,7669733,8427391,"SC",4561242,30799,305,1663,5753,23078,178310,45443,119250,13617,"41,101",34.86215485
"South Dakota",2009,126624,1258876,1273527,"SD",812383,1777,30,501,117,1129,14378,2621,10891,866,"45,826",38.56171876
"Tennessee",2009,971484,8112895,8611178,"TN",6296254,41933,468,2019,9653,29793,237157,63832,158309,15016,"40,517",31.83829824
"Texas",2009,4647205,48087531,53575273,"TX",24782302,121684,1330,8311,38022,74021,995082,240058,678455,76569,"47,475",33.19373497
"Utah",2009,532433,4238943,4419750,"UT",2784572,5998,39,941,1304,3714,91751,15258,69556,6937,"58,491",39.22891227
"Vermont",2009,86320,1683034,1661019,"VT",621760,837,8,132,111,586,15010,3471,11090,449,"52,318",44.16014754
"Virginia",2009,1235064,15251481,15510318,"VA",7882590,18195,370,1572,6342,9911,194020,31956,150374,11690,"60,501",43.36029379
"Washington",2009,1035907,12025012,12240632,"WA",6664195,22412,190,2583,6711,12928,245215,53047,168421,23747,"60,392",42.321208
"West Virginia",2009,281908,3097212,3121728,"WV",1819777,5554,84,470,914,4086,46215,12005,31453,2757,"40,490",26.39663074
"Wisconsin",2009,867035,10991081,10880480,"WI",5654774,14650,146,1118,4904,8482,147692,26813,111947,8932,"51,237",38.2111413
"Wyoming",2009,86971,1675761,1658156,"WY",544270,1196,11,172,78,935,14243,2176,11310,757,"52,470",34.85485499
"Alabama",2010,748889,7281058,7647571,"AL",4785401,18363,275,1355,4864,11869,168828,42484,115564,10780,"40,933",31.46104307
"Alaska",2010,131265,2230338,2371251,"AK",714146,4537,31,533,594,3379,20259,3105,15535,1619,"57,848",37.27916262
"Arizona",2010,963517,8828122,8812967,"AZ",6413158,26528,408,2191,6953,16976,226802,50932,154137,21733,"46,896",35.10941689
"Arkansas",2010,474897,5069272,5520387,"AR",2921588,14711,134,1321,2369,10887,103820,32463,65796,5561,"38,587",27.92355605
"California",2010,6213958,67356719,71227111,"CA",37338198,164133,1809,8331,58116,95877,981939,228857,600558,152524,"54,283",38.78140713
"Colorado",2010,825242,8793676,8914338,"CO",5047692,16339,129,2230,3164,10816,135001,26196,97534,11271,"60,233",45.98093867
"Connecticut",2010,534800,9726922,9542108,"CT",3575498,10083,133,595,3553,5802,78259,15145,56413,6701,"65,998",45.83907425
"Delaware",2010,117628,1733458,1758988,"DE",899792,5608,51,326,1839,3392,31078,7550,21593,1935,"55,214",37.43361574
"District of Columbia",2010,43866,1195934,1290048,"DC",604912,8026,132,187,4325,3382,28802,4233,19514,5055,"56,928",56.50221505
"Florida",2010,2627390,26231141,27267009,"FL",18838613,101969,987,5373,26086,69523,669035,169119,458454,41462,"44,066",36.49537229
"Georgia",2010,1660643,17839851,17834488,"GA",9712157,39068,555,2107,12372,24034,353449,96947,226161,30341,"44,117",36.11967184
"Hawaii",2010,180196,2564856,2215458,"HI",1363359,3603,25,377,1065,2136,45667,8706,31681,5280,"59,539",41.62241596
"Idaho",2010,266613,2177999,2098737,"ID",1571102,3464,22,533,213,2696,31436,6513,23594,1329,"47,050",34.73023611
"Illinois",2010,2098401,28253620,28560306,"IL",12841980,57132,704,3066,20386,32976,349064,77472,242681,28911,"50,728",41.30366052
"Indiana",2010,1026053,14023240,11502534,"IN",6490622,20983,268,1760,6559,12396,199274,48570,137204,13500,"46,139",33.24119148
"Iowa",2010,491255,5744872,5941449,"IA",3050202,8191,38,883,1012,6258,68740,16746,48194,3800,"49,016",39.68346614
"Kansas",2010,471406,5454128,5979429,"KS",2859143,10602,97,1146,1538,7821,89109,19315,63774,6020,"46,054",40.49728867
"Kentucky",2010,679901,6881951,7092071,"KY",4347223,10604,188,1438,3748,5230,111170,30443,74488,6239,"41,104",30.03756368
"Louisiana",2010,663802,8091029,8125021,"LA",4545343,25241,500,1230,5297,18214,165667,45437,110260,9970,"39,300",28.22922176
"Maine",2010,187634,2721365,2680693,"ME",1327379,1621,24,389,412,796,32900,7364,24547,989,"47,931",38.75280237
"Maryland",2010,848252,13327770,13205691,"MD",5785681,31607,426,1228,11054,18899,173309,36704,118578,18027,"64,201",44.67900135
"Massachusetts",2010,929569,14919763,14857823,"MA",6555466,30737,214,1784,6897,21842,154496,37903,105124,11469,"60,934",50.53735354
"Michigan",2010,1510716,19393461,19967017,"MI",9877143,48693,580,4733,11522,31858,271501,74345,169748,27408,"46,276",36.37950263
"Minnesota",2010,799615,10383935,10564774,"MN",5310658,12515,96,1798,3388,7233,136431,24415,103429,8587,"52,321",45.78697418
"Mississippi",2010,491651,4466377,4504257,"MS",2970072,7999,204,931,2777,4087,88596,30453,52784,5359,"38,160",29.85923176
"Missouri",2010,897348,9587703,10139784,"MO",5995715,27440,420,1445,6185,19390,200858,44197,140526,16135,"45,817",35.82338945
"Montana",2010,141693,1623971,1642886,"MT",990958,2733,25,332,154,2222,25409,3692,20166,1551,"41,280",39.96380301
"Nebraska",2010,294948,3720560,3640199,"NE",1830141,5093,54,674,1020,3345,48827,8318,36896,3613,"52,504",41.99080392
"Nevada",2010,423859,4262471,4260869,"NV",2704283,17929,158,965,5298,11508,75004,22286,42533,10185,"51,200",29.45657027
"New Hampshire",2010,196648,2906573,2856965,"NH",1316807,2204,13,411,450,1330,29230,5444,22789,997,"66,633",45.84593452
"New Jersey",2010,1369553,26676217,26736651,"NJ",8799593,27055,371,981,11818,13885,183042,38732,128754,15556,"62,968",45.29824426
"New Mexico",2010,331436,3638606,3814058,"NM",2065913,12147,140,959,1616,9432,70776,21023,44503,5250,"45,134",33.08416405
"New York",2010,2697357,55453300,60067253,"NY",19395206,76492,868,2797,28630,44197,379710,65839,293232,20639,"49,781",44.14718416
"North Carolina",2010,1444409,16621268,14162497,"NC",9560234,34679,474,2002,9620,22583,329202,102826,208057,18319,"43,830",37.64394202
"North Dakota",2010,94997,1308214,1267426,"ND",674629,1548,10,245,90,1203,12010,2000,9137,873,"51,006",44.94231176
"Ohio",2010,1669748,23247907,22701333,"OH",11537968,36306,479,3730,16486,15611,376836,107125,248581,21130,"45,886",35.78929597
"Oklahoma",2010,653592,5778507,5971651,"OK",3760184,18100,195,1469,3345,13091,129464,37848,81303,10313,"43,103",31.72864727
"Oregon",2010,560239,6219779,6398065,"OR",3838332,9648,96,1239,2421,5892,116657,20035,87494,9128,"50,602",38.5544086
"Pennsylvania",2010,1682887,27883991,28231191,"PA",12717722,46612,653,3472,16375,26112,276366,55206,204440,16720,"48,314",38.57736596
"Rhode Island",2010,141023,2207123,2187163,"RI",1052528,2709,29,298,782,1600,26959,6124,18432,2403,"51,623",41.21883269
"South Carolina",2010,715590,7755419,8242553,"SC",4637106,27923,265,1551,5017,21090,181098,46261,121544,13293,"41,698",34.809486
"South Dakota",2010,123555,1292742,1281632,"SD",816598,2196,23,385,154,1634,15188,3192,11196,800,"45,352",40.76584184
"Tennessee",2010,971414,8405025,8760367,"TN",6357436,38909,359,2173,8361,28016,232855,64293,153729,14833,"38,591",31.85587215
"Texas",2010,4728815,50559500,53810244,"TX",25253466,113231,1249,7622,32843,71517,951246,228597,654626,68023,"47,266",33.65564325
"Utah",2010,538676,4250259,4326951,"UT",2775479,5925,53,983,1269,3620,88316,15095,67242,5979,"56,701",39.74523697
"Vermont",2010,87750,1749898,1719870,"VT",625909,820,7,141,76,596,14160,3348,10373,439,"55,928",44.08097442
"Virginia",2010,1244673,14937195,14919831,"VA",8023953,17184,376,1580,5678,9550,187403,30804,145990,10609,"60,367",43.85009356
"Washington",2010,1034735,11919090,11820814,"WA",6742950,21138,154,2579,5929,12476,249426,55192,168490,25744,"56,163",42.50297732
"West Virginia",2010,281828,3176874,3484593,"WV",1854368,5586,58,362,776,4390,41301,10778,28104,2419,"42,777",26.08285373
"Wisconsin",2010,864898,11289720,11116821,"WI",5691659,14167,155,1191,4516,8305,142781,26636,107993,8152,"50,351",39.06981132
"Wyoming",2010,87379,1718605,1696177,"WY",564554,1117,8,162,77,870,13869,2151,11126,592,"52,201",37.34643326
"Alabama",2011,746933,7376725,7411768,"AL",4803689,20166,299,1370,4906,13591,173192,51119,111411,10662,"42,590",31.90540343
"Alaska",2011,131704,2357828,2443898,"AK",723860,4416,30,436,576,3374,19094,2852,14854,1388,"57,431",34.41950338
"Arizona",2011,946571,8429186,8610417,"AZ",6467315,26789,397,2499,7145,16748,229896,54695,155400,19801,"48,621",35.76374591
"Arkansas",2011,475551,5176362,5669431,"AR",2938582,14173,160,1230,2357,10426,110430,34016,70645,5769,"41,302",28.18071273
"California",2011,6202604,70953331,69847705,"CA",37683933,154943,1792,7665,54291,91195,973822,230075,596905,146842,"53,367",38.90135893
"Colorado",2011,834832,8747471,8676451,"CO",5116302,16085,155,2285,3299,10346,132781,25725,96054,11002,"58,629",46.98424113
"Connecticut",2011,530132,9783168,9439182,"CT",3586717,9889,129,689,3689,5382,77205,15468,55067,6670,"65,415",46.4027839
"Delaware",2011,119878,1759170,1808905,"DE",908137,5144,48,307,1558,3231,31163,7617,22001,1545,"54,660",37.59555582
"District of Columbia",2011,44199,1283071,1297175,"DC",619020,7433,108,173,4094,3058,29654,3850,21347,4457,"55,251",57.98595906
"Florida",2011,2636404,26453693,26991946,"FL",19082262,98198,984,5273,25622,66319,671200,170171,461408,39621,"45,105",36.95783466
"Georgia",2011,1666039,18030043,17187481,"GA",9812460,36762,549,2066,12266,21881,357235,96014,231543,29678,"45,973",36.3662717
"Hawaii",2011,179601,2499513,2259104,"HI",1378129,3465,20,353,994,2098,43874,8165,31240,4469,"59,047",41.55083331
"Idaho",2011,265713,2089982,1960818,"ID",1583744,3202,35,444,188,2535,32875,6915,24629,1331,"47,459",36.46644186
"Illinois",2011,2072114,29507584,28525858,"IL",12859752,54523,781,3030,20217,30495,344468,77719,237362,29387,"50,637",41.7466299
"Indiana",2011,1023220,12125155,11113533,"IN",6516353,21619,306,1758,6977,12578,206016,50571,140630,14815,"44,445",33.80980163
"Iowa",2011,493493,6098470,6057294,"IA",3064097,7883,44,866,824,6149,72043,17573,50472,3998,"50,219",41.14056562
"Kansas",2011,482692,5538869,5662146,"KS",2870386,10209,111,1122,1448,7528,88655,18712,63259,6684,"46,147",40.67272733
"Kentucky",2011,672958,7104589,7253850,"KY",4366814,10465,151,1499,3705,5110,119037,32750,79586,6701,"39,856",30.76912835
"Louisiana",2011,665109,8022917,8218870,"LA",4574766,25373,506,1262,5235,18370,168529,46242,113174,9113,"40,658",27.86435311
"Maine",2011,186835,2654366,2728535,"ME",1328544,1638,26,394,370,848,33829,7865,24886,1078,"49,693",40.02625378
"Maryland",2011,851971,13443940,13247697,"MD",5839572,28817,399,1200,10342,16876,166846,35823,114951,16072,"68,876",45.42077039
"Massachusetts",2011,924903,15396681,15150898,"MA",6607003,28232,184,1654,6768,19626,148829,36403,101644,10782,"63,313",50.76663225
"Michigan",2011,1455966,19374026,18469948,"MI",9876801,43731,617,4344,10263,28507,251329,69755,156666,24908,"48,879",36.84311024
"Minnesota",2011,798891,10912368,10612480,"MN",5347299,12323,75,2113,3385,6750,136183,25681,102354,8148,"57,820",46.5780542
"Mississippi",2011,490526,4516742,4345783,"MS",2977457,8009,232,863,2496,4418,89809,30722,54179,4908,"41,090",30.27440133
"Missouri",2011,896702,9915356,9842505,"MO",6008984,26888,366,1469,6275,18778,199085,44875,138879,15331,"45,774",36.3512738
"Montana",2011,141529,1631810,1655584,"MT",997667,2755,29,366,171,2189,23885,3347,19089,1449,"40,277",39.16438609
"Nebraska",2011,297659,3879388,3676326,"NE",1842234,4672,68,699,993,2912,50894,8725,38060,4109,"55,616",41.48650291
"Nevada",2011,429610,4146577,4258855,"NV",2720028,15452,139,913,4308,10092,70075,20342,40156,9577,"47,043",29.95765707
"New Hampshire",2011,189275,2947007,3001244,"NH",1317807,2864,16,581,509,1758,32756,6244,25398,1114,"65,880",45.77566038
"New Jersey",2011,1399409,26242376,25716298,"NJ",8834773,27203,380,1006,12209,13608,189719,43238,129066,17415,"62,338",45.06403409
"New Mexico",2011,331373,3591330,3694437,"NM",2078674,11904,158,856,1720,9170,73549,21419,46730,5400,"41,982",33.90515988
"New York",2011,2677412,57753776,59446908,"NY",19501616,77463,769,2751,28405,45538,371837,65227,287361,19249,"50,636",44.57864132
"North Carolina",2011,1448117,14409515,13767024,"NC",9651103,33421,498,1959,9448,21516,337806,105534,215453,16819,"45,206",38.24108244
"North Dakota",2011,96255,1309044,1312226,"ND",684740,1699,24,266,91,1318,13334,2458,9891,985,"56,361",44.71716296
"Ohio",2011,1655534,23488657,23010396,"OH",11541007,35218,500,3679,15991,15048,380572,112901,246744,20927,"44,648",35.50793736
"Oklahoma",2011,658163,5835133,5644988,"OK",3784163,17311,212,1410,3288,12401,127618,36462,80064,11092,"48,455",32.96285594
"Oregon",2011,559631,6112484,6317635,"OR",3868229,9643,84,1239,2237,6083,121869,20704,92059,9106,"51,526",39.00961593
"Pennsylvania",2011,1670854,28492510,28810721,"PA",12743948,46189,639,3339,16165,26046,283442,57966,208604,16872,"49,910",38.56946795
"Rhode Island",2011,139157,2212352,2198940,"RI",1050646,2586,20,319,744,1503,27976,6836,18765,2375,"49,033",43.15981876
"South Carolina",2011,713511,7772777,7961448,"SC",4673348,27894,320,1678,4631,21265,183243,47351,122255,13637,"40,084",34.17085939
"South Dakota",2011,125613,1297661,1350617,"SD",823593,2105,20,503,167,1415,15299,2927,11423,949,"47,223",39.4242306
"Tennessee",2011,986382,8679893,8961443,"TN",6399787,38895,380,2095,8082,28338,230900,62830,153928,14142,"42,279",32.14821634
"Texas",2011,4800196,51023159,52691826,"TX",25631778,104734,1130,7486,28620,67498,892810,215755,613131,63924,"49,047",34.4877136
"Utah",2011,545395,4141253,4195916,"UT",2814347,5547,50,901,1079,3517,84084,13170,64727,6187,"55,493",40.33594403
"Vermont",2011,86982,1686499,1722515,"VT",626592,925,11,146,99,669,15086,3838,10720,528,"51,862",46.2272478
"Virginia",2011,1250852,14655345,14675815,"VA",8104384,16014,304,1591,5425,8694,182902,30656,142476,9770,"62,616",44.95640136
"Washington",2011,1042979,11905941,11928408,"WA",6823267,20152,163,2320,5627,12042,244209,56561,162828,24820,"56,850",43.28768897
"West Virginia",2011,282130,3475642,3670119,"WV",1854908,5497,87,372,802,4236,39009,10245,26656,2108,"41,821",27.79446882
"Wisconsin",2011,864251,11664303,11440718,"WI",5709843,14268,138,1190,4600,8340,139912,27167,104472,8273,"52,058",39.55676554
"Wyoming",2011,88165,1650621,1656850,"WY",567356,1245,18,146,71,1010,12878,1864,10493,521,"54,509",36.15961578
"Alabama",2012,744621,7136949,7222161,"AL",4817528,21693,342,1296,5020,15035,168878,47481,111523,9874,"43,464",33.05444933
"Alaska",2012,130771,2383402,2483320,"AK",730307,4412,30,583,630,3169,20037,2950,15565,1522,"63,648",37.02913224
"Arizona",2012,942738,7934798,8054662,"AZ",6551149,28077,358,2282,7383,18054,231701,52911,159808,18982,"47,044",36.67619716
"Arkansas",2012,475671,5169926,5299969,"AR",2949828,13851,174,1233,2310,10134,109389,32673,70982,5734,"39,018",29.30201721
"California",2012,6203034,69016392,70191877,"CA",37999878,160944,1884,7837,56521,94702,1049465,245767,635090,168608,"57,020",39.6946075
"Colorado",2012,843120,8616009,8472536,"CO",5189458,15951,152,2122,3392,10285,139355,26163,101091,12101,"57,255",47.46684123
"Connecticut",2012,522451,10070907,9791336,"CT",3591765,10183,117,933,3709,5424,77169,14787,55904,6478,"64,247",47.45544286
"Delaware",2012,118624,1855867,1915966,"DE",917053,5048,56,249,1498,3245,30707,7389,21880,1438,"48,972",38.38141143
"District of Columbia",2012,44618,1331006,1189542,"DC",633427,7866,88,236,4037,3505,30757,3519,23575,3663,"65,246",59.15540081
"Florida",2012,2658559,24139266,25352047,"FL",19320749,94087,1009,5260,23889,63929,632988,153563,442095,37330,"46,071",38.08408672
"Georgia",2012,1669156,17559894,17400209,"GA",9915646,37675,583,2143,12502,22447,339473,86992,223875,28606,"48,121",37.37309768
"Hawaii",2012,182706,2535038,2344733,"HI",1390090,3378,21,279,1125,1953,43419,7653,31901,3865,"56,263",42.6090977
"Idaho",2012,267556,1981482,1911706,"ID",1595590,3348,30,495,243,2580,31825,7240,23203,1382,"47,922",36.07902174
"Illinois",2012,2071481,29900021,29067543,"IL",12868192,53556,770,3581,19480,29725,332706,71100,235314,26292,"51,738",42.5212325
"Indiana",2012,1006627,12395432,11351906,"IN",6537782,22544,307,1661,6601,13975,197994,47689,136668,13637,"46,158",34.39148741
"Iowa",2012,495870,6262807,6256926,"IA",3075039,8167,49,901,962,6255,70357,17201,49116,4040,"53,442",41.80952229
"Kansas",2012,485591,5613619,5615714,"KS",2885398,10292,85,1105,1493,7609,91066,18874,65413,6779,"50,003",41.33383254
"Kentucky",2012,681827,7192430,7444529,"KY",4379730,9852,201,1312,3547,4792,112800,29877,76199,6724,"41,086",31.68803985
"Louisiana",2012,665478,8477993,8504567,"LA",4602134,22839,489,1155,5458,15737,162673,42037,112764,7872,"39,085",29.06613308
"Maine",2012,187247,2611056,2625759,"ME",1328501,1626,26,372,420,808,33398,7476,24931,991,"49,158",38.96114523
"Maryland",2012,853778,13752912,13212140,"MD",5884868,28086,373,1237,10173,16303,162309,33803,113550,14956,"71,836",45.53911662
"Massachusetts",2012,922683,15763456,15696061,"MA",6645303,27047,121,1650,6555,18721,143325,34635,99453,9237,"63,656",50.45795141
"Michigan",2012,1421312,18622316,18063824,"MI",9882519,44962,701,4635,10423,29203,249249,65560,158609,25080,"50,015",37.40718891
"Minnesota",2012,799736,10681609,10696348,"MN",5379646,12419,99,1638,3475,7207,138152,25378,104316,8458,"61,795",47.67039822
"Mississippi",2012,490619,4477828,4423270,"MS",2986450,7769,213,819,2277,4460,83933,28084,51520,4329,"36,641",31.0556146
"Missouri",2012,893221,10022622,9910617,"MO",6024522,27189,390,1527,5782,19490,199813,42510,140971,16332,"49,764",36.59924646
"Montana",2012,142237,1628318,1652537,"MT",1005494,2803,29,392,202,2180,26102,3920,20484,1698,"45,088",39.83017314
"Nebraska",2012,300941,3764056,3880517,"NE",1855350,4802,52,710,1128,2912,51203,8745,38301,4157,"52,196",42.95342002
"Nevada",2012,428526,4053945,4109706,"NV",2754354,16763,124,931,4918,10790,77510,22120,45372,10018,"47,333",30.06138449
"New Hampshire",2012,190778,2963221,2961684,"NH",1321617,2841,15,486,471,1869,32074,5988,25024,1062,"67,819",46.68759111
"New Jersey",2012,1330300,27574528,26432652,"NJ",8867749,25727,388,1035,11385,12919,181481,42338,122662,16481,"66,692",45.81716169
"New Mexico",2012,328690,3478709,3616691,"NM",2083540,11660,116,957,1847,8740,75094,21384,48247,5463,"43,424",35.09012524
"New York",2012,2644029,58981073,60216421,"NY",19576125,79535,683,2837,28633,47382,375268,64389,293562,17317,"47,680",45.09701146
"North Carolina",2012,1462172,12788659,13418244,"NC",9748364,34464,479,1984,9392,22609,328594,99323,213151,16120,"41,553",38.44129209
"North Dakota",2012,97555,1345371,1380563,"ND",701345,1723,25,279,127,1292,14297,2429,10687,1181,"55,766",45.64747214
"Ohio",2012,1630865,22799205,22662376,"OH",11553031,34827,478,3813,15396,15140,370435,105312,245372,19751,"44,375",36.54268377
"Oklahoma",2012,664200,5824963,5594867,"OK",3815780,18102,220,1622,3248,13012,130969,36094,83131,11744,"48,407",32.90298645
"Oregon",2012,566525,6124872,6314092,"OR",3899801,9638,91,1159,2419,5969,126417,22051,94114,10252,"51,775",39.80304094
"Pennsylvania",2012,1644759,27881568,27851918,"PA",12764475,45384,707,3371,15735,25571,276562,57040,204409,15113,"51,904",39.66533356
"Rhode Island",2012,137400,2208278,2190431,"RI",1050304,2657,26,292,715,1614,27039,5929,18478,2632,"56,065",43.21794719
"South Carolina",2012,715744,7889771,7948441,"SC",4723417,26474,332,1712,4511,19919,181049,45222,122340,13487,"44,401",36.05285651
"South Dakota",2012,127726,1298723,1296971,"SD",834047,2701,23,600,157,1921,17326,3280,12973,1073,"49,415",39.59475425
"Tennessee",2012,998638,8983224,9256522,"TN",6454914,41213,400,2047,8151,30615,217925,56231,148731,12963,"42,995",33.26491502
"Texas",2012,4844744,49979753,50215314,"TX",26060796,106475,1148,7715,30385,67227,876459,205002,606425,65032,"51,926",34.5564711
"Utah",2012,553873,4217360,4330417,"UT",2854871,5939,52,975,1105,3807,86284,13095,67157,6032,"58,341",41.41127881
"Vermont",2012,87968,1754161,1726321,"VT",625953,891,8,131,114,638,15653,4179,11014,460,"55,582",46.97095337
"Virginia",2012,1257332,14940479,15129464,"VA",8186628,15676,322,1505,4718,9131,178434,29651,139654,9129,"64,632",45.25046296
"Washington",2012,1044856,11955582,12187889,"WA",6895318,20553,217,2250,5801,12285,254377,61376,166338,26663,"62,187",42.76500632
"West Virginia",2012,282088,3970941,3536971,"WV",1856680,5943,70,415,835,4623,44500,11466,30800,2234,"43,553",27.75391662
"Wisconsin",2012,863314,11139967,10724377,"WI",5724554,16254,169,1228,4692,10165,140780,27931,104619,8230,"53,079",40.86877174
"Wyoming",2012,89994,1664983,1670728,"WY",576626,1161,14,154,61,932,13222,2125,10513,584,"57,512",37.02352464
"Alabama",2013,744548,7197439,7487741,"AL",4833996,20834,346,1449,4645,13788,161835,42410,108862,10563,"41,381",33.63876243
"Alaska",2013,131091,2545117,2665933,"AK",737259,4709,34,657,623,3127,21211,2917,16599,1695,"61,137",36.46741799
"Arizona",2013,941726,8164324,7600581,"AZ",6634997,27576,355,2344,6656,17391,223294,48292,158036,16966,"50,602",36.8861156
"Arkansas",2013,477716,5067546,5226339,"AR",2958765,13705,158,1135,2261,9796,106477,30369,70430,5678,"39,919",28.78097044
"California",2013,6208733,68868516,69727119,"CA",38431393,154739,1746,7464,53640,89029,1018907,232058,621557,165292,"57,528",39.6157268
"Colorado",2013,851063,8826868,8699125,"CO",5272086,16099,174,2198,3136,9826,139974,25075,102375,12524,"63,371",47.58703541
"Connecticut",2013,517812,10319361,9758850,"CT",3599341,9439,91,647,3551,4906,71274,12934,52099,6241,"67,781",47.80480516
"Delaware",2013,118685,1930466,1924626,"DE",925240,4633,41,278,1233,2960,29001,6299,21347,1355,"52,219",39.87862092
"District of Columbia",2013,44179,1300036,1308438,"DC",649111,8415,103,297,4082,3835,31097,3316,24547,3234,"60,675",61.23365334
"Florida",2013,2680074,24681548,25245400,"FL",19600311,91993,972,4765,23200,61054,607170,138915,433344,34911,"47,886",38.59030799
"Georgia",2013,1682620,17459504,17317504,"GA",9994759,37519,563,2022,12704,21361,339808,83459,229190,27159,"47,439",37.54925542
"Hawaii",2013,184760,2331770,2345917,"HI",1408987,3585,32,366,934,2111,45266,7777,32928,4561,"61,408",44.25969356
"Idaho",2013,272070,2015534,1967676,"ID",1612843,3471,29,516,220,2548,30230,6693,21999,1538,"51,767",36.92554601
"Illinois",2013,2069823,30057886,29517831,"IL",12890552,51956,722,3895,17733,28161,296048,59093,216059,20896,"57,196",42.97655079
"Indiana",2013,1002772,12236713,11211155,"IN",6570713,23627,357,1623,7114,13915,187472,42754,130534,14184,"50,553",34.72730382
"Iowa",2013,499489,6281345,6318241,"IA",3092341,8443,41,873,937,6332,67976,15918,47803,4255,"54,855",41.76222154
"Kansas",2013,488590,5667223,5621023,"KS",2895801,9928,117,1003,1339,7177,85704,17476,61557,6671,"51,485",41.78172443
"Kentucky",2013,685009,7216175,7413896,"KY",4399583,9280,172,951,3247,4215,104448,26331,72048,6069,"42,158",32.92469133
"Louisiana",2013,671156,8121179,7940880,"LA",4629284,24127,494,1248,5539,16331,165679,41214,115300,9165,"39,622",29.56526216
"Maine",2013,184682,2650346,2535405,"ME",1328702,1761,24,366,335,907,30454,6480,23063,911,"50,121",39.9081866
"Maryland",2013,859252,13814727,13284637,"MD",5938737,28235,384,1179,10048,16124,157918,31950,112551,13417,"65,262",45.95003834
"Massachusetts",2013,920968,16114783,16201905,"MA",6708874,27264,138,1722,6705,18118,137274,30716,97437,9121,"62,963",51.45934736
"Michigan",2013,1381167,18270327,17468264,"MI",9898193,44757,625,4506,10093,27254,230135,56256,149794,24085,"48,801",38.37759804
"Minnesota",2013,802454,10848720,10942019,"MN",5422060,12710,114,1453,3674,6908,131193,22713,100514,7966,"60,907",48.06859353
"Mississippi",2013,492847,4444064,4370050,"MS",2992206,8303,217,726,2413,4649,81548,24969,52192,4387,"40,850",30.52240769
"Missouri",2013,897224,10103589,10001763,"MO",6044917,26216,369,1679,5486,18056,189655,38797,134514,16344,"50,311",37.61743272
"Montana",2013,142797,1671053,1679521,"MT",1014864,2924,23,382,217,2217,26195,4122,20192,1881,"44,132",39.03688114
"Nebraska",2013,303242,3870164,3913038,"NE",1868969,4949,56,621,1035,3011,49197,8945,35791,4461,"53,774",43.20004629
"Nevada",2013,431776,4131800,4057443,"NV",2791494,16888,163,1090,5183,10060,79177,23047,46132,9998,"45,369",31.09590014
"New Hampshire",2013,187703,2976317,2878534,"NH",1322616,2952,21,522,645,1708,30409,5283,24188,938,"71,322",46.44003392
"New Jersey",2013,1338657,28070096,28179900,"NJ",8911502,25748,404,861,12084,12071,167634,35883,118005,13746,"61,782",46.49080503
"New Mexico",2013,327209,3518621,3536546,"NM",2086895,12990,123,1135,1832,9470,78958,21828,51146,5984,"42,127",34.86070301
"New York",2013,2629805,59623918,60505950,"NY",19695680,77563,644,2575,27241,46130,358603,56444,286676,15483,"53,843",45.99895349
"North Carolina",2013,1468228,12729402,13650536,"NC",9848917,33587,463,1790,9275,21325,305631,90182,201043,14406,"41,208",39.6630742
"North Dakota",2013,101025,1405349,1516575,"ND",723857,1979,16,288,161,1447,15356,2979,10942,1435,"52,888",45.81906287
"Ohio",2013,1613718,22536516,22015797,"OH",11572005,33722,478,3594,14483,14370,338414,91090,227799,19525,"46,398",37.48914433
"Oklahoma",2013,671445,5878111,5796945,"OK",3853118,17187,198,1715,3023,11652,126418,33512,81624,11282,"43,777",32.67489061
"Oregon",2013,564006,6077498,6228197,"OR",3928068,9536,82,1000,2394,5596,125083,20808,94363,9912,"56,307",40.45684411
"Pennsylvania",2013,1623694,28484645,28495118,"PA",12781296,42825,611,2728,14739,23680,263176,52000,197410,13766,"53,952",40.5095261
"Rhode Island",2013,136401,2282659,2231413,"RI",1053354,2710,31,333,683,1547,25741,5621,17881,2239,"57,812",43.7613536
"South Carolina",2013,722249,8254462,8224795,"SC",4771929,24263,305,1739,3965,17760,173261,40930,119730,12601,"43,749",36.78435903
"South Dakota",2013,130296,1316613,1332496,"SD",845510,2733,18,454,156,2052,16274,3383,11955,936,"54,453",41.8514454
"Tennessee",2013,992461,9008032,9248235,"TN",6497269,38063,335,1904,7333,27895,207683,51334,144443,11906,"42,499",33.84524737
"Texas",2013,4897523,49734537,50674724,"TX",26505637,108757,1140,7610,31810,65351,862289,191062,605440,65787,"53,027",35.41371063
"Utah",2013,562315,4300793,4584624,"UT",2902787,6644,51,926,1247,3824,88334,13727,67115,7492,"62,967",41.59546726
"Vermont",2013,89200,1817307,1809138,"VT",626855,775,10,113,75,554,13882,3352,10193,337,"54,842",45.53244822
"Virginia",2013,1264880,15322318,15634918,"VA",8270345,16355,320,1476,4574,9111,171558,26717,136215,8626,"67,620",46.11666553
"Washington",2013,1050901,12242231,12097549,"WA",6973742,20223,167,2072,5829,11623,259139,58487,172227,28425,"60,106",43.79118471
"West Virginia",2013,282310,3486366,3488877,"WV",1853595,5657,62,367,653,4242,39929,9908,28055,1966,"40,241",28.40622087
"Wisconsin",2013,863737,11097447,10845059,"WI",5742953,16118,163,1308,4834,9285,125694,24358,93946,7390,"55,258",41.06805592
"Wyoming",2013,91533,1695967,1675477,"WY",583223,1212,17,144,74,917,12809,1956,10275,578,"55,700",39.44934064
"Alabama",2014,740081,7357267,7587737,"AL",4846411,20727,276,1425,4702,13744,154087,39723,104223,10141,"42,278",36.65169421
"Alaska",2014,130539,2663647,2727056,"AK",737046,4684,41,553,629,3243,20334,3150,15445,1739,"67,629",43.3258697
"Arizona",2014,943937,8361708,8109460,"AZ",6728783,26422,311,2356,6225,16614,213406,43412,152683,17311,"49,254",48.79086035
"Arkansas",2014,479881,5193218,5242672,"AR",2966835,14248,175,1291,2037,10220,99452,24816,69001,5635,"44,922",38.76569141
"California",2014,6224685,72389126,72506810,"CA",38792291,153763,1700,8389,48681,91804,947193,202669,592673,151851,"60,487",47.21223178
"Colorado",2014,865231,9162406,9286626,"CO",5355588,16487,150,2236,3037,10211,135789,23502,99688,12599,"60,940",54.15967277
"Connecticut",2014,511082,10743919,10201500,"CT",3594762,8575,89,579,3172,4520,69326,12017,51195,6114,"70,161",53.21253568
"Delaware",2014,120623,1954374,1988535,"DE",935968,4568,50,274,1271,2857,27915,5765,20885,1265,"57,522",43.73931736
"District of Columbia",2014,44942,1342220,1313289,"DC",659836,8199,105,349,3497,4125,34147,3466,26898,3783,"68,277",64.61864045
"Florida",2014,2708022,26077462,26523658,"FL",19905569,91345,982,5038,21621,61610,583774,121379,426197,36198,"46,140",45.8549363
"Georgia",2014,1699185,17821620,17668352,"GA",10097132,38955,607,2209,12786,22415,339146,78029,233359,27758,"49,555",46.03621861
"Hawaii",2014,186825,2696766,2504144,"HI",1420257,3362,20,388,952,1842,46022,7470,33003,5549,"71,223",45.48896554
"Idaho",2014,281452,2084970,2012852,"ID",1634806,3439,32,463,203,2559,30440,6466,22297,1677,"53,438",37.71056536
"Illinois",2014,2060632,31085621,31080869,"IL",12882189,47775,690,3182,15271,27485,269647,50759,201003,17885,"54,916",49.6119717
"Indiana",2014,1007121,12399402,11136045,"IN",6597880,24105,333,1608,6894,14681,174909,36909,124144,13856,"48,060",40.87302605
"Iowa",2014,501763,6455928,6541553,"IA",3109481,8484,60,829,1047,6227,65100,14363,46594,4143,"57,810",47.2723366
"Kansas",2014,496034,5813985,5957954,"KS",2902507,10235,92,1066,1361,7299,80029,15921,57169,6939,"53,444",49.25656221
"Kentucky",2014,686789,7229857,7346219,"KY",4412617,9495,164,1098,3343,4432,99909,23426,70108,6375,"42,786",42.45390658
"Louisiana",2014,665441,8352703,8140649,"LA",4648990,23983,476,981,5725,16400,161192,38541,113251,9400,"42,406",44.66164482
"Maine",2014,178709,2675648,2550302,"ME",1330256,1698,21,346,304,889,26427,5035,20591,801,"51,710",43.31783389
"Maryland",2014,865768,13982544,13712839,"MD",5975346,26767,362,1144,9565,15208,150390,28134,109140,13116,"76,165",49.90632288
"Massachusetts",2014,920558,16609204,16518383,"MA",6755124,26689,133,1625,6077,18277,125481,24951,92226,8304,"63,151",55.39564205
"Michigan",2014,1363533,18457253,17358365,"MI",9916306,42555,544,4500,8037,27610,202692,44328,137142,21222,"52,005",43.27081258
"Minnesota",2014,804580,11168633,11300786,"MN",5457125,12505,88,1448,3687,6729,125377,20773,96237,8367,"67,244",52.93137577
"Mississippi",2014,492421,4480105,4463078,"MS",2993443,8331,259,768,2405,4585,86887,23898,58515,4474,"35,521",36.36168707
"Missouri",2014,892992,10256615,10324249,"MO",6063827,26882,404,1728,5592,18483,176436,35293,124769,16374,"56,630",42.11490879
"Montana",2014,144034,1729712,1754324,"MT",1023252,3361,38,396,202,2563,25525,3639,19826,2060,"51,102",41.6199712
"Nebraska",2014,307398,4005091,4008633,"NE",1882980,5201,53,645,1044,3226,47526,7936,35063,4527,"56,870",46.99249914
"Nevada",2014,435765,4203255,4043820,"NV",2838281,18043,170,987,5954,10562,74574,21924,42466,10184,"49,875",35.27845465
"New Hampshire",2014,184846,3042994,2960615,"NH",1327996,2625,16,438,544,1469,26098,4191,21051,856,"73,397",49.16058721
"New Jersey",2014,1335350,28454548,27742203,"NJ",8938844,23319,352,953,10499,11188,154945,31707,111534,11704,"65,243",50.12083502
"New Mexico",2014,326637,3601387,3576216,"NM",2085567,12465,101,1070,2086,8797,73877,18505,49082,6290,"46,686",43.56309153
"New York",2014,2619312,61337112,62556193,"NY",19748858,75972,616,4316,24036,45295,339113,50738,272624,15751,"54,310",49.32178221
"North Carolina",2014,1441391,13462754,13540706,"NC",9940387,32718,498,1738,8411,21377,285498,79266,192609,13623,"46,784",45.28258795
"North Dakota",2014,103272,1568997,1597210,"ND",740040,2001,23,275,175,1421,15857,2751,11559,1547,"60,730",47.19751664
"Ohio",2014,1601566,23297509,21847582,"OH",11596998,33130,464,3825,12780,14658,322517,79466,224942,18109,"49,644",43.23897071
"Oklahoma",2014,670069,6034336,6026661,"OK",3879610,16052,180,1361,3073,10937,117445,29963,76719,10763,"47,199",40.06906357
"Oregon",2014,566538,6621363,6453635,"OR",3971202,10294,84,1165,2270,6320,123142,18690,94177,10275,"58,875",44.71213988
"Pennsylvania",2014,1605292,29068069,28620630,"PA",12793767,40298,610,2785,13545,22304,246982,45718,188211,13053,"55,173",43.78837836
"Rhode Island",2014,135084,2313010,2258076,"RI",1054907,2320,26,264,530,1398,22982,4830,16317,1835,"58,633",43.08317478
"South Carolina",2014,729386,8417698,8452743,"SC",4829160,24038,322,1522,4018,17513,168281,37163,118173,12945,"44,929",40.67875516
"South Dakota",2014,130653,1345549,1355439,"SD",853304,2801,23,336,199,2101,16036,2817,12209,1010,"53,053",45.08902833
"Tennessee",2014,992583,9237782,9432883,"TN",6547779,39989,369,1870,7268,29757,200911,46798,141464,12649,"43,716",39.25156911
"Texas",2014,4949469,52776853,53096761,"TX",26979078,109711,1192,8400,31021,65862,813515,168085,577018,68412,"53,875",40.75658016
"Utah",2014,570423,4405929,4385896,"UT",2944498,6464,66,1114,1313,3538,85473,11656,66487,7330,"63,383",47.89068313
"Vermont",2014,87990,1895044,1876197,"VT",626767,643,10,85,72,444,9721,2092,7375,254,"60,708",45.32670736
"Virginia",2014,1273211,15347862,15690444,"VA",8328098,16522,350,1687,4294,9462,161934,23210,131001,7723,"66,155",50.55598668
"Washington",2014,1057773,13040197,12806300,"WA",7063166,20185,178,1999,5641,11586,261257,55381,175317,30559,"59,068",51.63874695
"West Virginia",2014,280265,3514889,3499873,"WV",1848751,5850,84,417,655,4517,38282,9368,26954,1960,"39,552",32.61774329
"Wisconsin",2014,865119,11330253,11255186,"WI",5759432,16763,159,1216,5101,9826,120535,21375,89255,9905,"58,080",47.1289143
"Wyoming",2014,92732,1772633,1775999,"WY",584304,1142,16,127,53,899,11477,1689,9185,603,"55,690",46.35498817
"Alabama",2015,734974,7360222,7501799,"AL",4853875,22957,348,1449,4612,15960,144785,35265,99182,10338,"44,509",37.09836911
"Alaska",2015,130755,2920986,2968341,"AK",737709,5391,59,648,761,3671,20806,3511,15249,2046,"75,112",44.88364302
"Arizona",2015,944978,8230507,7902600,"AZ",6817565,27968,306,2268,6360,18193,207184,38010,152388,16786,"52,248",48.61853407
"Arkansas",2015,479682,5308625,5350543,"AR",2977853,15769,189,1425,2117,11455,97391,22851,68720,5820,"42,798",39.51463697
"California",2015,6226523,78248042,78365958,"CA",38993940,166883,1861,9341,52862,99349,1024914,197404,656517,170993,"63,636",47.53809144
"Colorado",2015,872320,9648297,9557682,"CO",5448819,17348,173,2422,3315,10532,144044,23490,104532,16022,"66,596",54.74182552
"Connecticut",2015,505366,11099837,10542667,"CT",3584730,7938,116,585,2925,4099,65610,10286,48898,6426,"72,889",53.52665841
"Delaware",2015,121845,2017075,1975093,"DE",944076,4760,62,257,1240,3097,25545,4797,19555,1193,"57,756",44.13950046
"District of Columbia",2015,46155,1382282,1360942,"DC",670377,8538,162,365,3746,4136,31444,2971,25208,3265,"70,071",65.83356002
"Florida",2015,2743641,26971491,27277049,"FL",20244914,93625,1041,5396,21137,63895,570270,109268,420341,40661,"48,825",46.86338277
"Georgia",2015,1717805,18584666,18501103,"GA",10199398,38891,622,2343,12545,22467,316013,68149,220715,27149,"50,768",47.11157538
"Hawaii",2015,182384,2703683,2521004,"HI",1431603,4201,19,382,1085,1878,45389,6810,33140,5439,"64,514",45.72196201
"Idaho",2015,274131,2167967,2029520,"ID",1652828,3593,32,508,191,2667,28912,6124,20916,1872,"51,624",38.72655758
"Illinois",2015,2047123,32096832,32410033,"IL",12839047,49755,754,3602,15056,29019,256962,46846,192424,17692,"60,413",50.0884187
"Indiana",2015,1004215,12456571,11378564,"IN",6612768,25373,370,1757,7081,15536,171878,34404,123940,13534,"51,983",41.14932278
"Iowa",2015,505311,6714410,6772654,"IA",3121997,8619,73,877,1050,6291,64688,14977,45328,4383,"60,855",46.35123482
"Kansas",2015,496920,5991731,6175724,"KS",2906721,11483,126,1226,1823,7850,80059,15619,57435,7005,"54,865",49.80165779
"Kentucky",2015,688475,7548871,7554887,"KY",4424611,9887,219,1165,3314,4710,97545,22526,67143,7876,"42,387",43.6312602
"Louisiana",2015,661015,8448743,8437263,"LA",4668960,25202,492,1246,5561,17416,157708,35457,112520,9731,"45,922",45.92846755
"Maine",2015,176176,2739589,2596180,"ME",1329453,1726,23,337,311,931,24361,4694,18853,814,"50,756",43.03214985
"Maryland",2015,874108,14491642,13882823,"MD",5994983,28185,538,1209,10111,15819,142547,26432,102701,13414,"73,594",50.29419527
"Massachusetts",2015,916130,16985185,16972319,"MA",6784240,26453,131,1538,5266,18974,114547,21826,84676,8045,"67,861",55.1984383
"Michigan",2015,1345009,19025996,17742903,"MI",9917715,41712,585,4782,7818,26599,191191,40375,132019,18797,"54,203",43.42785804
"Minnesota",2015,807044,11684249,11969872,"MN",5482435,13319,133,1679,3771,7094,121984,19299,94704,7981,"68,730",53.52539333
"Mississippi",2015,490189,4592343,4624539,"MS",2989390,8190,253,851,2312,4467,85785,25068,56446,4271,"40,037",36.58598522
"Missouri",2015,892779,10623391,10540353,"MO",6076204,30292,503,1858,6383,20833,173788,34029,122749,17010,"59,196",42.54059926
"Montana",2015,144447,1804339,1804841,"MT",1032073,3647,38,405,210,2827,27276,3887,20966,2423,"51,395",42.8880959
"Nebraska",2015,312281,4248695,4283846,"NE",1893765,5167,62,648,994,3226,42597,6443,32148,4006,"60,474",46.95665337
"Nevada",2015,438948,4345419,4183085,"NV",2883758,20118,178,1232,6287,11965,77137,22360,43426,11351,"52,008",35.58095928
"New Hampshire",2015,183039,3093061,3044720,"NH",1330111,2692,15,468,475,1558,23453,3482,19076,895,"75,675",49.54297447
"New Jersey",2015,1339230,29335237,28809725,"NJ",8935421,22879,363,1019,9729,11414,145701,27960,105963,11778,"68,357",50.18599802
"New Mexico",2015,326297,3789651,3846641,"NM",2080328,13672,117,1218,2485,9407,77212,17084,51485,8643,"45,119",43.02222065
"New York",2015,2631532,63712218,65094591,"NY",19747183,75126,613,4414,23879,44493,317225,44117,257837,15271,"58,005",49.54756904
"North Carolina",2015,1465031,13146934,14060699,"NC",10035186,34734,517,1886,8821,22805,275915,74760,187732,13423,"50,797",45.94029863
"North Dakota",2015,106061,1644533,1804762,"ND",756835,1949,21,285,159,1378,17716,3296,12686,1734,"57,415",48.76415536
"Ohio",2015,1600222,24378660,22561728,"OH",11605090,34373,522,3990,12617,15793,303743,69994,216354,17395,"53,301",43.55471993
"Oklahoma",2015,671715,6121188,6184819,"OK",3907414,16746,240,1418,3018,11535,114055,28783,74678,10594,"47,077",40.26916711
"Oregon",2015,570376,7111710,7011609,"OR",4024634,10680,110,1193,2163,6757,119752,18541,90514,10697,"60,834",46.33604687
"Pennsylvania",2015,1589429,29967185,29690645,"PA",12791904,40348,665,3105,12965,22419,231941,39573,180236,12132,"60,389",44.82674479
"Rhode Island",2015,134574,2367068,2326473,"RI",1055607,2565,31,342,547,1520,20038,3938,14714,1386,"55,701",45.78045969
"South Carolina",2015,737401,8759944,8783362,"SC",4894834,24448,407,1717,3950,17652,162830,34942,114778,13110,"46,360",41.83072658
"South Dakota",2015,132836,1415149,1464781,"SD",857919,3302,33,367,215,2554,16739,2969,12576,1194,"55,065",43.79073484
"Tennessee",2015,994530,9455920,9562527,"TN",6595056,40816,418,2032,7499,30098,196047,43753,139259,13035,"47,330",39.73350981
"Texas",2015,5004866,55582029,56255791,"TX",27429639,113193,1317,8941,31924,67629,779234,153067,558653,67514,"56,473",41.44445994
"Utah",2015,573913,4705084,4537962,"UT",2990632,7138,57,1247,1329,4048,89797,12606,68464,8727,"66,258",48.13332757
"Vermont",2015,85184,1996795,1969415,"VT",626088,747,10,104,105,482,9064,2034,6834,196,"59,494",47.60042
"Virginia",2015,1279867,15857524,16113212,"VA",8367587,16705,390,1767,4459,9357,157803,21542,128064,8197,"61,486",51.08339985
"Washington",2015,1072359,13709442,13630138,"WA",7160290,20505,218,2006,5450,12059,249474,51114,171393,26967,"67,243",52.14811477
"West Virginia",2015,279565,3478401,3466981,"WV",1841053,6397,85,493,783,4819,38694,9467,26984,2243,"42,824",32.87344837
"Wisconsin",2015,861813,11637376,11553677,"WI",5767891,17549,240,1324,5234,10270,114171,19602,83572,10997,"55,425",47.24218533
"Wyoming",2015,93867,1962874,1942406,"WY",586555,1300,16,124,59,1054,11151,1762,8797,592,"60,925",45.80437622
"Alabama",2016,734652,7498567,7708845,"AL",4860545,25878,407,1380,4687,18869,143259,34045,97498,11716,"47,221",37.87550069
"Alaska",2016,132477,2494691,2623014,"AK",741522,5966,52,754,850,4011,24876,4053,17766,3057,"75,723",45.29043037
"Arizona",2016,938274,8503034,7987011,"AZ",6908642,32542,389,2461,7045,21804,207317,38216,150618,18483,"57,100",49.74262039
"Arkansas",2016,479177,5401016,5434193,"AR",2988231,16563,217,1600,2125,12007,98092,23814,67091,7187,"45,907",39.8760262
"California",2016,6217031,89217262,85320133,"CA",39296476,174796,1930,10132,54789,104375,1002070,188304,637010,176756,"66,637",48.35560166
"Colorado",2016,880678,10123271,9878524,"CO",5530105,19030,189,2680,3525,11681,152146,23825,108680,19641,"70,566",55.66134324
"Connecticut",2016,499494,11419673,10826431,"CT",3587685,8169,79,580,2711,4588,64875,10107,47642,7126,"75,923",53.79273776
"Delaware",2016,121225,2043577,2041952,"DE",952698,4859,58,224,1359,3131,26370,5028,19812,1530,"58,046",43.21432907
"District of Columbia",2016,48336,1329719,1322563,"DC",684336,8236,136,400,3500,4067,32377,2361,27089,2927,"70,982",65.62763021
"Florida",2016,2776933,28125598,27945116,"FL",20656589,88700,1111,5527,20175,59816,553812,100325,410352,43135,"51,176",46.88026089
"Georgia",2016,1727085,19403453,19158388,"GA",10313620,40268,682,2436,12114,24091,307305,62715,218127,26463,"53,527",47.99134948
"Hawaii",2016,181995,3030519,2733094,"HI",1428683,3452,35,432,985,1831,42353,5983,30871,5499,"72,133",46.31934343
"Idaho",2016,274849,2266490,2100980,"ID",1680026,3876,49,529,213,2895,29357,6318,20962,2077,"56,564",40.57584439
"Illinois",2016,2030717,32908958,33037244,"IL",12835726,56054,1061,3713,17829,32161,263256,48193,195196,19867,"61,386",50.9752657
"Indiana",2016,1002696,12732161,11535287,"IN",6634007,26516,431,1813,7291,16345,168460,33567,120454,14439,"56,094",41.9312584
"Iowa",2016,508014,6919477,6972412,"IA",3130869,9170,73,941,1150,6669,65888,15306,45580,5002,"59,094",47.57189257
"Kansas",2016,495545,6069563,6134836,"KS",2907731,11665,132,1193,1757,8158,82293,14759,60119,7415,"56,810",50.71355977
"Kentucky",2016,686440,7745928,7786281,"KY",4436113,10452,265,1242,3371,5068,97713,20932,66833,9948,"45,369",44.55327247
"Louisiana",2016,660561,8397136,8248660,"LA",4686157,26477,555,1329,5575,18528,154511,34689,109492,10330,"42,196",45.6941337
"Maine",2016,179879,2845391,2706103,"ME",1330232,1649,20,301,268,948,21908,4001,17131,776,"50,856",43.60289161
"Maryland",2016,879196,14409321,13992191,"MD",6024752,29019,536,1317,10815,15841,139716,24832,100995,13889,"73,760",50.64203373
"Massachusetts",2016,921029,17484704,17037880,"MA",6823721,25975,135,1601,5365,18334,106430,19204,79155,8071,"72,266",56.22789748
"Michigan",2016,1335713,19416061,18001445,"MI",9933445,45782,612,5217,7123,30779,190249,39738,130249,20262,"57,091",43.74317735
"Minnesota",2016,811157,12186135,12848946,"MN",5525050,13365,101,1732,3730,7185,117723,18582,90421,8720,"70,218",53.97402371
"Mississippi",2016,486245,4755399,4631356,"MS",2985415,8411,237,910,2433,4459,82521,23489,54725,4307,"41,099",37.46669073
"Missouri",2016,891554,10893231,10719882,"MO",6091176,31720,538,1884,6576,22049,170661,31716,120649,18296,"55,016",43.12745882
"Montana",2016,145240,1800909,1879789,"MT",1038656,3886,37,427,268,2983,28156,3966,21427,2763,"57,075",44.01405241
"Nebraska",2016,315542,4398811,4640422,"NE",1907603,5661,49,813,946,3558,43197,6459,32009,4729,"59,374",48.17229508
"Nevada",2016,441623,4482886,4374249,"NV",2939254,19924,228,1284,6338,11629,75922,18816,43949,13157,"55,431",34.8215131
"New Hampshire",2016,179682,3150473,3124778,"NH",1335015,2668,19,443,431,1609,20323,2989,16454,880,"76,260",50.6248602
"New Jersey",2016,1364473,30012666,29665476,"NJ",8978416,21861,378,1088,8940,11089,138012,25229,101459,11324,"68,468",51.16675998
"New Mexico",2016,319861,3765069,3729397,"NM",2085432,14585,139,1117,2737,10182,81930,17280,52907,11743,"48,451",44.59095414
"New York",2016,2590945,66912661,68282026,"NY",19836286,74315,629,4584,22310,45095,305224,39850,250990,14384,"61,437",50.25263398
"North Carolina",2016,1462036,13448045,14207389,"NC",10156689,37767,678,2086,9336,24906,277765,72082,190377,15306,"53,764",47.42854134
"North Dakota",2016,108384,1788749,1963630,"ND",755548,1905,16,268,181,1352,17451,3248,12249,1954,"60,184",49.53923004
"Ohio",2016,1595024,23766529,23352516,"OH",11622554,35759,683,4255,12574,16748,300945,67081,214102,19762,"53,985",44.11831201
"Oklahoma",2016,672777,6103728,6184152,"OK",3921207,17855,247,1543,3174,12334,118010,29376,76358,12276,"50,943",41.75267024
"Oregon",2016,574252,7418055,7501954,"OR",4085989,10983,116,1306,2307,6776,121716,16919,91507,13290,"59,135",46.85175541
"Pennsylvania",2016,1572593,31077289,30925177,"PA",12787085,40389,674,3250,12314,22942,222394,35178,174147,13069,"60,979",45.66721929
"Rhode Island",2016,133856,2401541,2358654,"RI",1057566,2529,29,330,541,1514,18910,3650,14157,1103,"61,528",46.75401346
"South Carolina",2016,743320,9161667,9187299,"SC",4959822,25137,358,1786,4071,18217,161534,33149,114455,13930,"54,336",41.95786234
"South Dakota",2016,134045,1455737,1475864,"SD",861542,3636,28,386,274,2808,17207,3002,12705,1500,"57,450",45.70793206
"Tennessee",2016,999265,9585331,9680512,"TN",6649404,42459,495,2056,7829,31332,191199,40607,135353,15239,"51,344",40.74142368
"Texas",2016,5053291,58284155,59314884,"TX",27904862,121064,1478,9905,33298,72842,769892,148796,552106,68990,"58,146",42.15171021
"Utah",2016,580215,4952923,4923657,"UT",3044321,7406,74,1146,1528,4244,90561,12938,68261,9362,"67,481",49.53060692
"Vermont",2016,87974,2112365,2082696,"VT",623354,851,14,120,78,589,9705,1884,7637,184,"60,837",47.71174336
"Virginia",2016,1283493,16259274,16497520,"VA",8414380,18495,482,2032,4826,10357,157292,20159,127285,9848,"66,451",52.18331461
"Washington",2016,1083973,14964364,15253296,"WA",7280934,22101,195,2302,5649,13124,254994,49249,173423,32322,"70,310",53.2752269
"West Virginia",2016,276764,3391579,3366566,"WV",1828637,6633,85,488,720,5144,37282,9127,25657,2498,"44,354",34.66208008
"Wisconsin",2016,857736,11697466,11787535,"WI",5772917,17716,232,1475,4707,10772,111911,19498,82455,9958,"59,817",48.38990336
"Wyoming",2016,94511,2044669,2034229,"WY",584910,1431,20,152,59,1146,11460,1771,8889,800,"57,829",48.22710258
"United States",2008,NA,NA,NA,"USA",304059724,1394461,16465,90750,443563,843683,9774152,2228887,6586206,959059,"50,303",37.83945646
"United States",2009,NA,NA,NA,"USA",307006550,1325896,15399,89241,408742,812514,9337060,2203313,6338095,795652,"49,777",38.06573662
"United States",2010,NA,NA,NA,"USA",309330219,1251248,14722,85593,369089,781844,9112625,2168459,6204601,739565,"49,276",38.2820515
"United States",2011,NA,NA,NA,"USA",311587816,1206031,14661,84175,354772,752423,9052743,2185140,6151095,716508,"50,054",38.7056373
"United States",2012,NA,NA,NA,"USA",313873685,1217057,14856,85141,355051,762009,9001992,2109932,6168874,723186,"51,017",39.38894426
"United States",2013,NA,NA,NA,"USA",316497531,1168298,14319,82109,345093,726777,8651892,1932139,6019465,700288,"51,939",39.94397742
"United States",2014,NA,NA,NA,"USA",318907401,1153022,14164,84864,322905,731089,8209010,1713153,5809054,686803,"53,657",45.3106221
"United States",2015,NA,NA,NA,"USA",320896618,1199310,15883,91261,328109,764057,8024115,1587564,5723488,713063,"56,516",45.81465194
"United States",2016,NA,NA,NA,"USA",323405935,1285606,17413,96970,332797,802982,7928530,1516405,5644835,767290,"59,039",46.86114055
"Puerto Rico",2008,NA,NA,NA,NA,NA,NA,NA,NA,NA,NA,NA,NA,NA,NA,NA,33.53674056
"Puerto Rico",2009,NA,NA,NA,NA,NA,NA,NA,NA,NA,NA,NA,NA,NA,NA,NA,34.23124053
"Puerto Rico",2010,NA,NA,NA,NA,NA,NA,NA,NA,NA,NA,NA,NA,NA,NA,NA,35.33507581
"Puerto Rico",2011,NA,NA,NA,NA,NA,NA,NA,NA,NA,NA,NA,NA,NA,NA,NA,36.78541217
"Puerto Rico",2012,NA,NA,NA,NA,NA,NA,NA,NA,NA,NA,NA,NA,NA,NA,NA,38.34554076
"Puerto Rico",2013,NA,NA,NA,NA,NA,NA,NA,NA,NA,NA,NA,NA,NA,NA,NA,39.08227456
"Puerto Rico",2014,NA,NA,NA,NA,NA,NA,NA,NA,NA,NA,NA,NA,NA,NA,NA,43.68837181
"Puerto Rico",2015,NA,NA,NA,NA,NA,NA,NA,NA,NA,NA,NA,NA,NA,NA,NA,44.82558504
"Puerto Rico",2016,NA,NA,NA,NA,NA,NA,NA,NA,NA,NA,NA,NA,NA,NA,NA,46.11427274
